side,trades,avg_cost,hit99,settle_win,avg_pnl_99_c,avg_pnl_hold_c,median_minutes99,yes_share,table,entry_time_bin,drop_peak_bin,prior_peak_bin
NO,7595,0.5442685977616853,0.5597103357472021,0.5553653719552337,0.9844634628044724,1.1096774193548349,9.0,0.0,all_entries_by_side,,,
YES,7549,0.544029672804345,0.5476222016161081,0.5444429725791495,-0.14862895747781274,0.04132997748046053,9.0,1.0,all_entries_by_side,,,
NO,2294,0.5397951176983435,0.5789014821272885,0.5758500435919791,3.3317349607672146,3.6054925893635534,8.0,0.0,selected_by_side,,,
YES,2217,0.5398376184032476,0.5705908885881822,0.5683355886332883,2.5498421290031557,2.8497970230040592,8.0,1.0,selected_by_side,,,
,1466,0.5426193724420191,0.6016371077762619,0.597544338335607,5.300136425648019,5.492496589358797,11.0,0.46521145975443384,selected_by_entry_time,m2-3,,
,942,0.5379617834394905,0.5658174097664543,0.5615711252653928,2.2197452229299337,2.3609341825902317,9.0,0.5063694267515924,selected_by_entry_time,m4-5,,
,1011,0.5376557863501484,0.5608308605341247,0.5588526211671613,1.7566765578634986,2.1196834817012835,7.0,0.503461918892186,selected_by_entry_time,m6-8,,
,723,0.5382434301521439,0.5698478561549101,0.5698478561549101,2.7289073305670786,3.160442600276623,4.0,0.5006915629322268,selected_by_entry_time,m9-11,,
,369,0.5424119241192412,0.5392953929539296,0.5392953929539296,-0.8509485094850969,-0.31165311653116734,2.0,0.5067750677506775,selected_by_entry_time,m12-15,,
,620,0.5546935483870968,0.617741935483871,0.6161290322580645,5.687096774193544,6.1435483870967715,10.0,0.5,selected_by_drop_from_peak,,none,
,534,0.5440823970037454,0.601123595505618,0.5936329588014981,5.102996254681645,4.955056179775279,10.0,0.46441947565543074,selected_by_drop_from_peak,,0-5c,
,759,0.5374308300395257,0.6007905138339921,0.5955204216073782,5.735177865612647,5.808959156785242,9.0,0.48484848484848486,selected_by_drop_from_peak,,5-10c,
,1364,0.5367595307917888,0.5557184750733137,0.5535190615835777,1.3401759530791761,1.6759530791788841,8.0,0.49266862170087977,selected_by_drop_from_peak,,10-20c,
,1234,0.5353403565640195,0.5470016207455429,0.5470016207455429,0.7001620745542927,1.1661264181523487,5.0,0.5016207455429498,selected_by_drop_from_peak,,20c+,
,1380,0.5392101449275363,0.5898550724637681,0.5869565217391305,4.474637681159417,4.774637681159418,10.0,0.48478260869565215,selected_by_prior_peak,,,<60c
,1476,0.5387059620596206,0.5799457994579946,0.5745257452574526,3.5440379403794013,3.5819783197831954,9.0,0.4898373983739837,selected_by_prior_peak,,,60-70c
,1013,0.5392497532082922,0.558736426456071,0.558736426456071,1.3899308983218142,1.9486673247778856,7.0,0.4945705824284304,selected_by_prior_peak,,,70-80c
,498,0.5434939759036145,0.5562248995983936,0.5582329317269076,0.9176706827309216,1.473895582329315,5.0,0.5020080321285141,selected_by_prior_peak,,,80-90c
,144,0.5482638888888889,0.5555555555555556,0.5486111111111112,0.17361111111110866,0.03472222222222056,3.0,0.5138888888888888,selected_by_prior_peak,,,90c+
,447,0.5559060402684564,0.6331096196868009,0.6308724832214765,7.087248322147648,7.49664429530201,11.0,0.4697986577181208,selected_by_entry_time_and_drop,m2-3,none,
,362,0.5411878453038674,0.6132596685082873,0.6049723756906077,6.593922651933699,6.37845303867403,10.5,0.44751381215469616,selected_by_entry_time_and_drop,m2-3,0-5c,
,344,0.5350872093023256,0.5988372093023255,0.5959302325581395,5.776162790697672,6.084302325581393,11.0,0.45348837209302323,selected_by_entry_time_and_drop,m2-3,5-10c,
,271,0.5344280442804429,0.5682656826568265,0.5645756457564576,2.8154981549815474,3.014760147601474,11.0,0.4870848708487085,selected_by_entry_time_and_drop,m2-3,10-20c,
,42,0.5280952380952381,0.40476190476190477,0.40476190476190477,-12.738095238095237,-12.333333333333332,10.0,0.5238095238095238,selected_by_entry_time_and_drop,m2-3,20c+,
,80,0.5537500000000001,0.575,0.575,1.5499999999999963,2.1249999999999973,8.0,0.5875,selected_by_entry_time_and_drop,m4-5,none,
,113,0.550353982300885,0.5575221238938053,0.5486725663716814,0.15929203539822573,-0.1681415929203563,9.0,0.5132743362831859,selected_by_entry_time_and_drop,m4-5,0-5c,
,220,0.5382727272727272,0.6136363636363636,0.6090909090909091,6.922727272727269,7.081818181818181,9.0,0.5272727272727272,selected_by_entry_time_and_drop,m4-5,5-10c,
,399,0.5344611528822055,0.5463659147869674,0.5413533834586466,0.6441102756892205,0.6892230576441083,9.0,0.48370927318295737,selected_by_entry_time_and_drop,m4-5,10-20c,
,130,0.5276923076923078,0.5461538461538461,0.5461538461538461,1.2999999999999976,1.8461538461538454,9.0,0.4846153846153846,selected_by_entry_time_and_drop,m4-5,20c+,
,49,0.5455102040816326,0.5102040816326531,0.5102040816326531,-4.0408163265306145,-3.530612244897961,7.0,0.6326530612244898,selected_by_entry_time_and_drop,m6-8,none,
,39,0.5507692307692308,0.6410256410256411,0.6410256410256411,8.384615384615381,9.025641025641022,7.0,0.48717948717948717,selected_by_entry_time_and_drop,m6-8,0-5c,
,148,0.5391891891891891,0.5878378378378378,0.5743243243243243,4.2770270270270245,3.513513513513512,7.0,0.5540540540540541,selected_by_entry_time_and_drop,m6-8,5-10c,
,424,0.5376415094339623,0.5683962264150944,0.5683962264150944,2.5070754716981107,3.0754716981132053,7.0,0.4858490566037736,selected_by_entry_time_and_drop,m6-8,10-20c,
,351,0.5344729344729344,0.5384615384615384,0.5384615384615384,-0.13960113960114295,0.3988603988603965,7.0,0.48717948717948717,selected_by_entry_time_and_drop,m6-8,20c+,
,27,0.5570370370370371,0.6666666666666666,0.6666666666666666,10.296296296296294,10.962962962962958,4.0,0.5185185185185185,selected_by_entry_time_and_drop,m9-11,none,
,14,0.5442857142857143,0.7142857142857143,0.7142857142857143,16.28571428571428,16.999999999999996,3.5,0.42857142857142855,selected_by_entry_time_and_drop,m9-11,0-5c,
,34,0.5455882352941177,0.5,0.5,-5.058823529411768,-4.558823529411766,5.0,0.29411764705882354,selected_by_entry_time_and_drop,m9-11,5-10c,
,203,0.5380788177339901,0.5369458128078818,0.5369458128078818,-0.6502463054187209,-0.11330049261083983,4.0,0.5123152709359606,selected_by_entry_time_and_drop,m9-11,10-20c,
,445,0.5364269662921348,0.5797752808988764,0.5797752808988764,3.9797752808988744,4.334831460674155,4.0,0.5123595505617977,selected_by_entry_time_and_drop,m9-11,20c+,
,17,0.55,0.6470588235294118,0.6470588235294118,9.05882352941176,9.705882352941174,2.0,0.47058823529411764,selected_by_entry_time_and_drop,m12-15,none,
,6,0.5566666666666668,0.16666666666666666,0.16666666666666666,-39.16666666666668,-39.000000000000014,3.0,0.5,selected_by_entry_time_and_drop,m12-15,0-5c,
,13,0.5438461538461539,0.8461538461538461,0.8461538461538461,29.38461538461538,30.230769230769226,2.0,0.3076923076923077,selected_by_entry_time_and_drop,m12-15,5-10c,
,67,0.5502985074626866,0.5373134328358209,0.5373134328358209,-1.8358208955223914,-1.2985074626865694,2.5,0.5522388059701493,selected_by_entry_time_and_drop,m12-15,10-20c,
,266,0.5395488721804511,0.5263157894736842,0.5263157894736842,-1.8496240601503777,-1.3233082706766939,2.0,0.5075187969924813,selected_by_entry_time_and_drop,m12-15,20c+,
