rule,side,btc_signed_bin,early_low_bin,trades,hit85,avg_entry_c,avg_pnl85_c,median_entry_minute
low<=40_close40-65_green,NO,with>75,35+,1,1.0,43.00000000000001,41.99999999999999,8.0
low<=20_close45-65_green,NO,with>75,<=15,4,1.0,54.5,30.499999999999996,7.0
low<=25_close45-65_green,NO,with>75,<=15,4,1.0,54.5,30.499999999999996,7.0
low<=30_close45-65_green,NO,with>75,<=15,4,1.0,54.5,30.499999999999996,7.0
low<=35_close45-65_green,NO,with>75,<=15,4,1.0,54.5,30.499999999999996,7.0
low<=40_close45-65_green,NO,with>75,<=15,4,1.0,54.5,30.499999999999996,7.0
low<=25_close40-65_green,NO,with>75,20-25,4,1.0,56.25,28.749999999999996,6.0
low<=25_close45-65_green,NO,with>75,20-25,4,1.0,56.25,28.749999999999996,6.0
low<=30_close40-65_green,NO,with>75,20-25,4,1.0,56.25,28.749999999999996,6.0
low<=30_close45-65_green,NO,with>75,20-25,4,1.0,56.25,28.749999999999996,6.0
low<=35_close40-65_green,NO,with>75,20-25,4,1.0,56.25,28.749999999999996,6.0
low<=35_close45-65_green,NO,with>75,20-25,4,1.0,56.25,28.749999999999996,6.0
low<=40_close40-65_green,NO,with>75,20-25,4,1.0,56.25,28.749999999999996,6.0
low<=40_close45-65_green,NO,with>75,20-25,4,1.0,56.25,28.749999999999996,6.0
low<=40_close45-65_green,YES,against>75,35+,2,1.0,56.99999999999999,28.000000000000007,8.0
low<=20_close50-70_green,NO,with>75,<=15,5,1.0,57.4,27.6,8.0
low<=25_close50-70_green,NO,with>75,<=15,5,1.0,57.4,27.6,8.0
low<=30_close50-70_green,NO,with>75,<=15,5,1.0,57.4,27.6,8.0
low<=35_close50-70_green,NO,with>75,<=15,5,1.0,57.4,27.6,8.0
low<=40_close50-70_green,NO,with>75,<=15,5,1.0,57.4,27.6,8.0
low<=35_close40-65_green,NO,with>75,30-35,2,1.0,59.5,25.499999999999996,6.0
low<=35_close45-65_green,NO,with>75,30-35,2,1.0,59.5,25.499999999999996,6.0
low<=40_close40-65_green,NO,with>75,30-35,2,1.0,59.5,25.499999999999996,6.0
low<=40_close45-65_green,NO,with>75,30-35,2,1.0,59.5,25.499999999999996,6.0
low<=25_close50-70_green,NO,with>75,20-25,6,1.0,59.833333333333336,25.166666666666668,6.0
low<=30_close50-70_green,NO,with>75,20-25,6,1.0,59.833333333333336,25.166666666666668,6.0
low<=35_close50-70_green,NO,with>75,20-25,6,1.0,59.833333333333336,25.166666666666668,6.0
low<=40_close50-70_green,NO,with>75,20-25,6,1.0,59.833333333333336,25.166666666666668,6.0
low<=35_close50-70_green,NO,against>75,30-35,4,1.0,60.0,25.0,8.0
low<=40_close50-70_green,NO,against>75,30-35,4,1.0,60.0,25.0,8.0
low<=35_close40-65_green,YES,with>75,30-35,1,1.0,61.0,24.0,6.0
low<=35_close45-65_green,YES,with>75,30-35,1,1.0,61.0,24.0,6.0
low<=40_close40-65_green,YES,with>75,30-35,1,1.0,61.0,24.0,6.0
low<=40_close45-65_green,NO,with>75,35+,1,1.0,61.0,24.0,9.0
low<=40_close45-65_green,YES,with>75,30-35,1,1.0,61.0,24.0,6.0
low<=20_close40-65_green,YES,with25-75,<=15,14,0.8571428571428571,51.285714285714285,21.571428571428573,6.0
low<=25_close40-65_green,YES,with25-75,<=15,14,0.8571428571428571,51.285714285714285,21.571428571428573,6.0
low<=30_close40-65_green,YES,with25-75,<=15,14,0.8571428571428571,51.285714285714285,21.571428571428573,6.0
low<=35_close40-65_green,YES,with25-75,<=15,14,0.8571428571428571,51.285714285714285,21.571428571428573,6.0
low<=40_close40-65_green,YES,with25-75,<=15,14,0.8571428571428571,51.285714285714285,21.571428571428573,6.0
low<=30_close55-75_green,NO,against>75,25-30,4,1.0,63.5,21.5,7.5
low<=35_close55-75_green,NO,against>75,25-30,4,1.0,63.5,21.5,7.5
low<=40_close55-75_green,NO,against>75,25-30,4,1.0,63.5,21.5,7.5
low<=20_close55-75_green,NO,with>75,<=15,6,1.0,64.33333333333333,20.666666666666664,7.0
low<=25_close55-75_green,NO,with>75,<=15,6,1.0,64.33333333333333,20.666666666666664,7.0
low<=30_close55-75_green,NO,with>75,<=15,6,1.0,64.33333333333333,20.666666666666664,7.0
low<=35_close55-75_green,NO,with>75,<=15,6,1.0,64.33333333333333,20.666666666666664,7.0
low<=40_close55-75_green,NO,with>75,<=15,6,1.0,64.33333333333333,20.666666666666664,7.0
low<=20_close40-65_green,NO,with>75,<=15,6,0.8333333333333334,50.666666666666664,20.16666666666666,6.0
low<=25_close40-65_green,NO,with>75,<=15,6,0.8333333333333334,50.666666666666664,20.16666666666666,6.0
low<=30_close40-65_green,NO,with>75,<=15,6,0.8333333333333334,50.666666666666664,20.16666666666666,6.0
low<=35_close40-65_green,NO,with>75,<=15,6,0.8333333333333334,50.666666666666664,20.16666666666666,6.0
low<=40_close40-65_green,NO,with>75,<=15,6,0.8333333333333334,50.666666666666664,20.16666666666666,6.0
low<=40_close50-70_green,NO,with>75,35+,4,1.0,65.75,19.25,7.0
low<=25_close40-65_green,YES,against>75,20-25,9,0.7777777777777778,47.44444444444444,18.666666666666668,8.0
low<=30_close40-65_green,YES,against>75,20-25,9,0.7777777777777778,47.44444444444444,18.666666666666668,8.0
low<=35_close40-65_green,YES,against>75,20-25,9,0.7777777777777778,47.44444444444444,18.666666666666668,8.0
low<=40_close40-65_green,YES,against>75,20-25,9,0.7777777777777778,47.44444444444444,18.666666666666668,8.0
low<=20_close55-75_green,YES,against>75,<=15,8,1.0,66.75,18.25,9.0
low<=25_close55-75_green,YES,against>75,<=15,8,1.0,66.75,18.25,9.0
low<=30_close55-75_green,YES,against>75,<=15,8,1.0,66.75,18.25,9.0
low<=35_close55-75_green,YES,against>75,<=15,8,1.0,66.75,18.25,9.0
low<=40_close55-75_green,YES,against>75,<=15,8,1.0,66.75,18.25,9.0
low<=20_close45-65_green,YES,with25-75,<=15,12,0.8333333333333334,52.75,18.083333333333332,6.0
low<=25_close45-65_green,YES,with25-75,<=15,12,0.8333333333333334,52.75,18.083333333333332,6.0
low<=30_close45-65_green,YES,with25-75,<=15,12,0.8333333333333334,52.75,18.083333333333332,6.0
low<=35_close45-65_green,YES,with25-75,<=15,12,0.8333333333333334,52.75,18.083333333333332,6.0
low<=40_close45-65_green,YES,with25-75,<=15,12,0.8333333333333334,52.75,18.083333333333332,6.0
low<=35_close55-75_green,NO,against>75,30-35,5,1.0,67.0,18.0,8.0
low<=40_close55-75_green,NO,against>75,30-35,5,1.0,67.0,18.0,8.0
low<=20_close45-65_green,YES,with>75,<=15,8,0.875,57.125,17.250000000000004,6.0
low<=25_close45-65_green,YES,with>75,<=15,8,0.875,57.125,17.250000000000004,6.0
low<=30_close45-65_green,YES,with>75,<=15,8,0.875,57.125,17.250000000000004,6.0
low<=35_close45-65_green,YES,with>75,<=15,8,0.875,57.125,17.250000000000004,6.0
low<=40_close45-65_green,YES,with>75,<=15,8,0.875,57.125,17.250000000000004,6.0
low<=40_close55-75_green,NO,with>75,35+,8,1.0,69.125,15.875,6.5
low<=20_close50-70_green,YES,with25-75,<=15,12,0.8333333333333334,57.0,13.833333333333334,6.5
low<=25_close50-70_green,YES,with25-75,<=15,12,0.8333333333333334,57.0,13.833333333333334,6.5
low<=30_close50-70_green,YES,with25-75,<=15,12,0.8333333333333334,57.0,13.833333333333334,6.5
low<=35_close50-70_green,YES,with25-75,<=15,12,0.8333333333333334,57.0,13.833333333333334,6.5
low<=40_close50-70_green,YES,with25-75,<=15,12,0.8333333333333334,57.0,13.833333333333334,6.5
low<=25_close55-75_green,YES,against>75,20-25,8,0.875,60.625,13.750000000000004,8.5
low<=30_close55-75_green,YES,against>75,20-25,8,0.875,60.625,13.750000000000004,8.5
low<=35_close55-75_green,YES,against>75,20-25,8,0.875,60.625,13.750000000000004,8.5
low<=40_close55-75_green,YES,against>75,20-25,8,0.875,60.625,13.750000000000004,8.5
low<=25_close45-65_green,YES,against>75,20-25,9,0.7777777777777778,52.77777777777778,13.333333333333334,8.0
low<=30_close45-65_green,YES,against>75,20-25,9,0.7777777777777778,52.77777777777778,13.333333333333334,8.0
low<=35_close45-65_green,YES,against>75,20-25,9,0.7777777777777778,52.77777777777778,13.333333333333334,8.0
low<=40_close45-65_green,YES,against>75,20-25,9,0.7777777777777778,52.77777777777778,13.333333333333334,8.0
low<=20_close50-70_green,YES,against>75,15-20,10,0.8,54.9,13.1,9.0
low<=25_close50-70_green,YES,against>75,15-20,10,0.8,54.9,13.1,9.0
low<=30_close50-70_green,YES,against>75,15-20,10,0.8,54.9,13.1,9.0
low<=35_close50-70_green,YES,against>75,15-20,10,0.8,54.9,13.1,9.0
low<=40_close50-70_green,YES,against>75,15-20,10,0.8,54.9,13.1,9.0
low<=20_close40-65_green,YES,with>75,<=15,9,0.7777777777777778,53.77777777777778,12.333333333333336,6.0
low<=25_close40-65_green,YES,with>75,<=15,9,0.7777777777777778,53.77777777777778,12.333333333333336,6.0
low<=30_close40-65_green,YES,with>75,<=15,9,0.7777777777777778,53.77777777777778,12.333333333333336,6.0
low<=35_close40-65_green,YES,with>75,<=15,9,0.7777777777777778,53.77777777777778,12.333333333333336,6.0
low<=40_close40-65_green,YES,with>75,<=15,9,0.7777777777777778,53.77777777777778,12.333333333333336,6.0
low<=25_close45-65_green,NO,against>75,20-25,9,0.7777777777777778,54.111111111111114,11.999999999999998,9.0
low<=30_close45-65_green,NO,against>75,20-25,9,0.7777777777777778,54.111111111111114,11.999999999999998,9.0
low<=35_close45-65_green,NO,against>75,20-25,9,0.7777777777777778,54.111111111111114,11.999999999999998,9.0
low<=40_close45-65_green,NO,against>75,20-25,9,0.7777777777777778,54.111111111111114,11.999999999999998,9.0
low<=25_close40-65_green,NO,against>75,20-25,11,0.7272727272727273,50.09090909090909,11.727272727272727,9.0
low<=30_close40-65_green,NO,against>75,20-25,11,0.7272727272727273,50.09090909090909,11.727272727272727,9.0
low<=35_close40-65_green,NO,against>75,20-25,11,0.7272727272727273,50.09090909090909,11.727272727272727,9.0
low<=40_close40-65_green,NO,against>75,20-25,11,0.7272727272727273,50.09090909090909,11.727272727272727,9.0
low<=20_close45-65_green,YES,against25-75,15-20,18,0.7777777777777778,55.333333333333336,10.777777777777779,8.0
low<=25_close45-65_green,YES,against25-75,15-20,18,0.7777777777777778,55.333333333333336,10.777777777777779,8.0
low<=30_close45-65_green,YES,against25-75,15-20,18,0.7777777777777778,55.333333333333336,10.777777777777779,8.0
low<=35_close45-65_green,YES,against25-75,15-20,18,0.7777777777777778,55.333333333333336,10.777777777777779,8.0
low<=40_close45-65_green,YES,against25-75,15-20,18,0.7777777777777778,55.333333333333336,10.777777777777779,8.0
low<=20_close40-65_green,YES,against25-75,15-20,24,0.7083333333333334,49.625,10.583333333333334,8.0
low<=25_close40-65_green,YES,against25-75,15-20,24,0.7083333333333334,49.625,10.583333333333334,8.0
low<=30_close40-65_green,YES,against25-75,15-20,24,0.7083333333333334,49.625,10.583333333333334,8.0
low<=35_close40-65_green,YES,against25-75,15-20,24,0.7083333333333334,49.625,10.583333333333334,8.0
low<=40_close40-65_green,YES,against25-75,15-20,24,0.7083333333333334,49.625,10.583333333333334,8.0
low<=20_close50-70_green,YES,against25-75,15-20,15,0.8,57.53333333333333,10.466666666666667,8.0
low<=25_close50-70_green,YES,against25-75,15-20,15,0.8,57.53333333333333,10.466666666666667,8.0
low<=30_close50-70_green,YES,against25-75,15-20,15,0.8,57.53333333333333,10.466666666666667,8.0
low<=35_close50-70_green,YES,against25-75,15-20,15,0.8,57.53333333333333,10.466666666666667,8.0
low<=40_close50-70_green,YES,against25-75,15-20,15,0.8,57.53333333333333,10.466666666666667,8.0
low<=25_close50-70_green,NO,against25-75,20-25,33,0.7878787878787878,56.72727272727273,10.242424242424242,8.0
low<=30_close50-70_green,NO,against25-75,20-25,33,0.7878787878787878,56.72727272727273,10.242424242424242,8.0
low<=35_close50-70_green,NO,against25-75,20-25,33,0.7878787878787878,56.72727272727273,10.242424242424242,8.0
low<=40_close50-70_green,NO,against25-75,20-25,33,0.7878787878787878,56.72727272727273,10.242424242424242,8.0
low<=20_close55-75_green,YES,against>75,15-20,7,0.8571428571428571,64.0,8.85714285714286,9.0
low<=25_close55-75_green,YES,against>75,15-20,7,0.8571428571428571,64.0,8.85714285714286,9.0
low<=30_close55-75_green,YES,against>75,15-20,7,0.8571428571428571,64.0,8.85714285714286,9.0
low<=35_close55-75_green,YES,against>75,15-20,7,0.8571428571428571,64.0,8.85714285714286,9.0
low<=40_close55-75_green,YES,against>75,15-20,7,0.8571428571428571,64.0,8.85714285714286,9.0
low<=40_close40-65_green,NO,against25-75,35+,45,0.7111111111111111,51.6,8.844444444444441,7.0
low<=20_close45-65_green,NO,with25-75,15-20,23,0.7391304347826086,54.04347826086956,8.782608695652172,6.0
low<=25_close45-65_green,NO,with25-75,15-20,23,0.7391304347826086,54.04347826086956,8.782608695652172,6.0
low<=30_close45-65_green,NO,with25-75,15-20,23,0.7391304347826086,54.04347826086956,8.782608695652172,6.0
low<=35_close45-65_green,NO,with25-75,15-20,23,0.7391304347826086,54.04347826086956,8.782608695652172,6.0
low<=40_close45-65_green,NO,with25-75,15-20,23,0.7391304347826086,54.04347826086956,8.782608695652172,6.0
low<=40_close40-65_green,YES,against>75,35+,3,0.6666666666666666,48.0,8.66666666666667,7.0
low<=20_close40-65_green,YES,against>75,15-20,15,0.6666666666666666,48.0,8.666666666666666,8.0
low<=25_close40-65_green,YES,against>75,15-20,15,0.6666666666666666,48.0,8.666666666666666,8.0
low<=30_close40-65_green,YES,against>75,15-20,15,0.6666666666666666,48.0,8.666666666666666,8.0
low<=35_close40-65_green,YES,against>75,15-20,15,0.6666666666666666,48.0,8.666666666666666,8.0
low<=40_close40-65_green,YES,against>75,15-20,15,0.6666666666666666,48.0,8.666666666666666,8.0
low<=30_close50-70_green,NO,with>75,25-30,7,0.8571428571428571,64.42857142857143,8.428571428571425,6.0
low<=35_close50-70_green,NO,with>75,25-30,7,0.8571428571428571,64.42857142857143,8.428571428571425,6.0
low<=40_close50-70_green,NO,with>75,25-30,7,0.8571428571428571,64.42857142857143,8.428571428571425,6.0
low<=30_close55-75_green,YES,against25-75,25-30,37,0.8108108108108109,60.648648648648646,8.270270270270272,8.0
low<=35_close55-75_green,YES,against25-75,25-30,37,0.8108108108108109,60.648648648648646,8.270270270270272,8.0
low<=40_close55-75_green,YES,against25-75,25-30,37,0.8108108108108109,60.648648648648646,8.270270270270272,8.0
low<=25_close55-75_green,NO,against>75,20-25,6,0.8333333333333334,62.833333333333336,7.999999999999997,10.0
low<=30_close55-75_green,NO,against>75,20-25,6,0.8333333333333334,62.833333333333336,7.999999999999997,10.0
low<=35_close55-75_green,NO,against>75,20-25,6,0.8333333333333334,62.833333333333336,7.999999999999997,10.0
low<=40_close55-75_green,NO,against>75,20-25,6,0.8333333333333334,62.833333333333336,7.999999999999997,10.0
low<=20_close55-75_green,YES,with25-75,<=15,14,0.8571428571428571,65.0,7.857142857142857,7.0
low<=25_close55-75_green,YES,with25-75,<=15,14,0.8571428571428571,65.0,7.857142857142857,7.0
low<=30_close55-75_green,YES,with25-75,<=15,14,0.8571428571428571,65.0,7.857142857142857,7.0
low<=35_close55-75_green,YES,with25-75,<=15,14,0.8571428571428571,65.0,7.857142857142857,7.0
low<=40_close55-75_green,YES,with25-75,<=15,14,0.8571428571428571,65.0,7.857142857142857,7.0
low<=35_close55-75_green,NO,with>75,30-35,9,0.8888888888888888,67.88888888888889,7.666666666666667,6.0
low<=40_close55-75_green,NO,with>75,30-35,9,0.8888888888888888,67.88888888888889,7.666666666666667,6.0
low<=25_close50-70_green,YES,against25-75,20-25,26,0.7692307692307693,57.76923076923077,7.615384615384617,8.5
low<=30_close50-70_green,YES,against25-75,20-25,26,0.7692307692307693,57.76923076923077,7.615384615384617,8.5
low<=35_close50-70_green,YES,against25-75,20-25,26,0.7692307692307693,57.76923076923077,7.615384615384617,8.5
low<=40_close50-70_green,YES,against25-75,20-25,26,0.7692307692307693,57.76923076923077,7.615384615384617,8.5
low<=20_close45-65_green,YES,against>75,15-20,15,0.6666666666666666,49.06666666666667,7.6,9.0
low<=25_close45-65_green,YES,against>75,15-20,15,0.6666666666666666,49.06666666666667,7.6,9.0
low<=30_close45-65_green,YES,against>75,15-20,15,0.6666666666666666,49.06666666666667,7.6,9.0
low<=35_close45-65_green,YES,against>75,15-20,15,0.6666666666666666,49.06666666666667,7.6,9.0
low<=40_close45-65_green,YES,against>75,15-20,15,0.6666666666666666,49.06666666666667,7.6,9.0
low<=25_close45-65_green,NO,against25-75,20-25,34,0.7058823529411765,52.5,7.499999999999998,8.0
low<=30_close45-65_green,NO,against25-75,20-25,34,0.7058823529411765,52.5,7.499999999999998,8.0
low<=35_close45-65_green,NO,against25-75,20-25,34,0.7058823529411765,52.5,7.499999999999998,8.0
low<=40_close45-65_green,NO,against25-75,20-25,34,0.7058823529411765,52.5,7.499999999999998,8.0
low<=35_close55-75_green,YES,against25-75,30-35,31,0.8387096774193549,63.96774193548387,7.32258064516129,8.0
low<=40_close55-75_green,YES,against25-75,30-35,31,0.8387096774193549,63.96774193548387,7.32258064516129,8.0
low<=20_close50-70_green,YES,with>75,<=15,10,0.8,60.7,7.3000000000000025,6.5
low<=25_close50-70_green,YES,with>75,<=15,10,0.8,60.7,7.3000000000000025,6.5
low<=30_close50-70_green,YES,with>75,<=15,10,0.8,60.7,7.3000000000000025,6.5
low<=35_close50-70_green,YES,with>75,<=15,10,0.8,60.7,7.3000000000000025,6.5
low<=40_close50-70_green,YES,with>75,<=15,10,0.8,60.7,7.3000000000000025,6.5
low<=20_close55-75_green,NO,with25-75,15-20,28,0.8214285714285714,62.785714285714285,7.035714285714284,7.0
low<=25_close55-75_green,NO,with25-75,15-20,28,0.8214285714285714,62.785714285714285,7.035714285714284,7.0
low<=30_close55-75_green,NO,with25-75,15-20,28,0.8214285714285714,62.785714285714285,7.035714285714284,7.0
low<=35_close55-75_green,NO,with25-75,15-20,28,0.8214285714285714,62.785714285714285,7.035714285714284,7.0
low<=40_close55-75_green,NO,with25-75,15-20,28,0.8214285714285714,62.785714285714285,7.035714285714284,7.0
low<=25_close50-70_green,NO,against>75,20-25,8,0.75,57.0,6.749999999999998,9.5
low<=30_close50-70_green,NO,against>75,20-25,8,0.75,57.0,6.749999999999998,9.5
low<=35_close50-70_green,NO,against>75,20-25,8,0.75,57.0,6.749999999999998,9.5
low<=40_close50-70_green,NO,against>75,20-25,8,0.75,57.0,6.749999999999998,9.5
low<=25_close55-75_green,NO,against25-75,20-25,27,0.8148148148148148,62.629629629629626,6.629629629629627,9.0
low<=30_close55-75_green,NO,against25-75,20-25,27,0.8148148148148148,62.629629629629626,6.629629629629627,9.0
low<=35_close55-75_green,NO,against25-75,20-25,27,0.8148148148148148,62.629629629629626,6.629629629629627,9.0
low<=40_close55-75_green,NO,against25-75,20-25,27,0.8148148148148148,62.629629629629626,6.629629629629627,9.0
low<=30_close45-65_green,YES,against25-75,25-30,58,0.6896551724137931,52.13793103448276,6.482758620689655,7.0
low<=35_close45-65_green,YES,against25-75,25-30,58,0.6896551724137931,52.13793103448276,6.482758620689655,7.0
low<=40_close45-65_green,YES,against25-75,25-30,58,0.6896551724137931,52.13793103448276,6.482758620689655,7.0
low<=30_close50-70_green,YES,against25-75,25-30,51,0.7450980392156863,57.11764705882353,6.215686274509804,8.0
low<=35_close50-70_green,YES,against25-75,25-30,51,0.7450980392156863,57.11764705882353,6.215686274509804,8.0
low<=40_close50-70_green,YES,against25-75,25-30,51,0.7450980392156863,57.11764705882353,6.215686274509804,8.0
low<=20_close40-65_green,NO,against25-75,<=15,28,0.6071428571428571,45.464285714285715,6.142857142857141,8.0
low<=25_close40-65_green,NO,against25-75,<=15,28,0.6071428571428571,45.464285714285715,6.142857142857141,8.0
low<=30_close40-65_green,NO,against25-75,<=15,28,0.6071428571428571,45.464285714285715,6.142857142857141,8.0
low<=35_close40-65_green,NO,against25-75,<=15,28,0.6071428571428571,45.464285714285715,6.142857142857141,8.0
low<=40_close40-65_green,NO,against25-75,<=15,28,0.6071428571428571,45.464285714285715,6.142857142857141,8.0
low<=25_close45-65_green,NO,with25-75,20-25,31,0.7419354838709677,57.16129032258065,5.90322580645161,6.0
low<=30_close45-65_green,NO,with25-75,20-25,31,0.7419354838709677,57.16129032258065,5.90322580645161,6.0
low<=35_close45-65_green,NO,with25-75,20-25,31,0.7419354838709677,57.16129032258065,5.90322580645161,6.0
low<=40_close45-65_green,NO,with25-75,20-25,31,0.7419354838709677,57.16129032258065,5.90322580645161,6.0
low<=35_close45-65_green,YES,against25-75,30-35,44,0.6818181818181818,52.06818181818182,5.886363636363637,8.0
low<=40_close45-65_green,YES,against25-75,30-35,44,0.6818181818181818,52.06818181818182,5.886363636363637,8.0
low<=20_close55-75_green,YES,with>75,<=15,10,0.8,62.2,5.8000000000000025,6.5
low<=25_close55-75_green,YES,with>75,<=15,10,0.8,62.2,5.8000000000000025,6.5
low<=30_close55-75_green,YES,with>75,<=15,10,0.8,62.2,5.8000000000000025,6.5
low<=35_close55-75_green,YES,with>75,<=15,10,0.8,62.2,5.8000000000000025,6.5
low<=40_close55-75_green,YES,with>75,<=15,10,0.8,62.2,5.8000000000000025,6.5
low<=35_close50-70_green,YES,against25-75,30-35,45,0.7333333333333333,56.62222222222222,5.711111111111111,8.0
low<=40_close50-70_green,YES,against25-75,30-35,45,0.7333333333333333,56.62222222222222,5.711111111111111,8.0
low<=25_close40-65_green,NO,against25-75,20-25,47,0.6382978723404256,48.59574468085106,5.659574468085107,8.0
low<=30_close40-65_green,NO,against25-75,20-25,47,0.6382978723404256,48.59574468085106,5.659574468085107,8.0
low<=35_close40-65_green,NO,against25-75,20-25,47,0.6382978723404256,48.59574468085106,5.659574468085107,8.0
low<=40_close40-65_green,NO,against25-75,20-25,47,0.6382978723404256,48.59574468085106,5.659574468085107,8.0
low<=20_close45-65_green,YES,with25-75,15-20,30,0.7,54.03333333333333,5.466666666666667,6.0
low<=25_close45-65_green,YES,with25-75,15-20,30,0.7,54.03333333333333,5.466666666666667,6.0
low<=30_close45-65_green,YES,with25-75,15-20,30,0.7,54.03333333333333,5.466666666666667,6.0
low<=35_close45-65_green,YES,with25-75,15-20,30,0.7,54.03333333333333,5.466666666666667,6.0
low<=40_close45-65_green,YES,with25-75,15-20,30,0.7,54.03333333333333,5.466666666666667,6.0
low<=40_close50-70_green,NO,with25-75,35+,44,0.8181818181818182,64.52272727272727,5.022727272727275,6.0
low<=40_close50-70_green,NO,against25-75,35+,44,0.75,58.72727272727273,5.02272727272727,8.0
low<=20_close40-65_green,YES,with25-75,15-20,33,0.6666666666666666,51.696969696969695,4.96969696969697,6.0
low<=25_close40-65_green,YES,with25-75,15-20,33,0.6666666666666666,51.696969696969695,4.96969696969697,6.0
low<=30_close40-65_green,YES,with25-75,15-20,33,0.6666666666666666,51.696969696969695,4.96969696969697,6.0
low<=35_close40-65_green,YES,with25-75,15-20,33,0.6666666666666666,51.696969696969695,4.96969696969697,6.0
low<=40_close40-65_green,YES,with25-75,15-20,33,0.6666666666666666,51.696969696969695,4.96969696969697,6.0
low<=30_close55-75_green,NO,with>75,25-30,15,0.8666666666666667,68.93333333333334,4.733333333333332,6.0
low<=35_close55-75_green,NO,with>75,25-30,15,0.8666666666666667,68.93333333333334,4.733333333333332,6.0
low<=40_close55-75_green,NO,with>75,25-30,15,0.8666666666666667,68.93333333333334,4.733333333333332,6.0
low<=35_close45-65_green,NO,against>75,30-35,3,0.6666666666666666,52.0,4.666666666666664,8.0
low<=40_close45-65_green,NO,against>75,30-35,3,0.6666666666666666,52.0,4.666666666666664,8.0
low<=35_close40-65_green,YES,against25-75,30-35,51,0.6274509803921569,48.72549019607843,4.607843137254902,7.0
low<=40_close40-65_green,YES,against25-75,30-35,51,0.6274509803921569,48.72549019607843,4.607843137254902,7.0
low<=25_close45-65_green,YES,against25-75,20-25,36,0.6666666666666666,52.19444444444444,4.472222222222223,8.0
low<=30_close45-65_green,YES,against25-75,20-25,36,0.6666666666666666,52.19444444444444,4.472222222222223,8.0
low<=35_close45-65_green,YES,against25-75,20-25,36,0.6666666666666666,52.19444444444444,4.472222222222223,8.0
low<=40_close45-65_green,YES,against25-75,20-25,36,0.6666666666666666,52.19444444444444,4.472222222222223,8.0
low<=40_close45-65_green,NO,against25-75,35+,42,0.6904761904761905,54.357142857142854,4.33333333333333,7.0
low<=25_close45-65_green,NO,flat,20-25,92,0.6739130434782609,52.97826086956522,4.304347826086954,7.0
low<=30_close45-65_green,NO,flat,20-25,92,0.6739130434782609,52.97826086956522,4.304347826086954,7.0
low<=35_close45-65_green,NO,flat,20-25,92,0.6739130434782609,52.97826086956522,4.304347826086954,7.0
low<=40_close45-65_green,NO,flat,20-25,92,0.6739130434782609,52.97826086956522,4.304347826086954,7.0
low<=35_close55-75_green,YES,with25-75,30-35,75,0.8266666666666667,66.01333333333334,4.253333333333333,6.0
low<=40_close55-75_green,YES,with25-75,30-35,75,0.8266666666666667,66.01333333333334,4.253333333333333,6.0
low<=25_close50-70_green,YES,flat,20-25,112,0.7232142857142857,57.392857142857146,4.080357142857143,7.0
low<=30_close50-70_green,YES,flat,20-25,112,0.7232142857142857,57.392857142857146,4.080357142857143,7.0
low<=35_close50-70_green,YES,flat,20-25,112,0.7232142857142857,57.392857142857146,4.080357142857143,7.0
low<=40_close50-70_green,YES,flat,20-25,112,0.7232142857142857,57.392857142857146,4.080357142857143,7.0
low<=30_close40-65_green,YES,against25-75,25-30,68,0.6323529411764706,49.705882352941174,4.044117647058823,7.0
low<=35_close40-65_green,YES,against25-75,25-30,68,0.6323529411764706,49.705882352941174,4.044117647058823,7.0
low<=40_close40-65_green,YES,against25-75,25-30,68,0.6323529411764706,49.705882352941174,4.044117647058823,7.0
low<=40_close55-75_green,NO,with25-75,35+,71,0.8450704225352113,67.8169014084507,4.014084507042254,6.0
low<=20_close50-70_green,NO,with25-75,15-20,29,0.7241379310344828,57.793103448275865,3.7586206896551713,6.0
low<=25_close50-70_green,NO,with25-75,15-20,29,0.7241379310344828,57.793103448275865,3.7586206896551713,6.0
low<=30_close50-70_green,NO,with25-75,15-20,29,0.7241379310344828,57.793103448275865,3.7586206896551713,6.0
low<=35_close50-70_green,NO,with25-75,15-20,29,0.7241379310344828,57.793103448275865,3.7586206896551713,6.0
low<=40_close50-70_green,NO,with25-75,15-20,29,0.7241379310344828,57.793103448275865,3.7586206896551713,6.0
low<=25_close55-75_green,YES,flat,20-25,101,0.7722772277227723,62.20792079207921,3.4356435643564356,7.0
low<=30_close55-75_green,YES,flat,20-25,101,0.7722772277227723,62.20792079207921,3.4356435643564356,7.0
low<=35_close55-75_green,YES,flat,20-25,101,0.7722772277227723,62.20792079207921,3.4356435643564356,7.0
low<=40_close55-75_green,YES,flat,20-25,101,0.7722772277227723,62.20792079207921,3.4356435643564356,7.0
low<=25_close45-65_green,YES,flat,20-25,124,0.6693548387096774,53.45967741935484,3.435483870967742,7.0
low<=30_close45-65_green,YES,flat,20-25,124,0.6693548387096774,53.45967741935484,3.435483870967742,7.0
low<=35_close45-65_green,YES,flat,20-25,124,0.6693548387096774,53.45967741935484,3.435483870967742,7.0
low<=40_close45-65_green,YES,flat,20-25,124,0.6693548387096774,53.45967741935484,3.435483870967742,7.0
low<=30_close50-70_green,NO,against25-75,25-30,25,0.72,57.84,3.359999999999999,9.0
low<=35_close50-70_green,NO,against25-75,25-30,25,0.72,57.84,3.359999999999999,9.0
low<=40_close50-70_green,NO,against25-75,25-30,25,0.72,57.84,3.359999999999999,9.0
low<=25_close40-65_green,NO,with25-75,20-25,33,0.696969696969697,55.90909090909091,3.3333333333333304,6.0
low<=30_close40-65_green,NO,with25-75,20-25,33,0.696969696969697,55.90909090909091,3.3333333333333304,6.0
low<=35_close40-65_green,NO,with25-75,20-25,33,0.696969696969697,55.90909090909091,3.3333333333333304,6.0
low<=40_close40-65_green,NO,with25-75,20-25,33,0.696969696969697,55.90909090909091,3.3333333333333304,6.0
low<=20_close55-75_green,NO,flat,<=15,21,0.7619047619047619,61.57142857142857,3.1904761904761876,7.0
low<=25_close55-75_green,NO,flat,<=15,21,0.7619047619047619,61.57142857142857,3.1904761904761876,7.0
low<=30_close55-75_green,NO,flat,<=15,21,0.7619047619047619,61.57142857142857,3.1904761904761876,7.0
low<=35_close55-75_green,NO,flat,<=15,21,0.7619047619047619,61.57142857142857,3.1904761904761876,7.0
low<=40_close55-75_green,NO,flat,<=15,21,0.7619047619047619,61.57142857142857,3.1904761904761876,7.0
low<=40_close45-65_green,NO,against>75,35+,6,0.6666666666666666,53.5,3.1666666666666643,7.5
low<=20_close50-70_green,NO,against>75,15-20,7,0.7142857142857143,57.57142857142857,3.142857142857142,9.0
low<=25_close50-70_green,NO,against>75,15-20,7,0.7142857142857143,57.57142857142857,3.142857142857142,9.0
low<=30_close50-70_green,NO,against>75,15-20,7,0.7142857142857143,57.57142857142857,3.142857142857142,9.0
low<=35_close50-70_green,NO,against>75,15-20,7,0.7142857142857143,57.57142857142857,3.142857142857142,9.0
low<=40_close50-70_green,NO,against>75,15-20,7,0.7142857142857143,57.57142857142857,3.142857142857142,9.0
low<=20_close50-70_green,YES,with25-75,15-20,35,0.7142857142857143,58.2,2.5142857142857147,6.0
low<=25_close50-70_green,YES,with25-75,15-20,35,0.7142857142857143,58.2,2.5142857142857147,6.0
low<=30_close50-70_green,YES,with25-75,15-20,35,0.7142857142857143,58.2,2.5142857142857147,6.0
low<=35_close50-70_green,YES,with25-75,15-20,35,0.7142857142857143,58.2,2.5142857142857147,6.0
low<=40_close50-70_green,YES,with25-75,15-20,35,0.7142857142857143,58.2,2.5142857142857147,6.0
low<=40_close55-75_green,NO,against25-75,35+,45,0.7555555555555555,61.733333333333334,2.4888888888888863,8.0
low<=25_close40-65_green,YES,flat,20-25,145,0.6275862068965518,50.90344827586207,2.4413793103448276,6.0
low<=30_close40-65_green,YES,flat,20-25,145,0.6275862068965518,50.90344827586207,2.4413793103448276,6.0
low<=35_close40-65_green,YES,flat,20-25,145,0.6275862068965518,50.90344827586207,2.4413793103448276,6.0
low<=40_close40-65_green,YES,flat,20-25,145,0.6275862068965518,50.90344827586207,2.4413793103448276,6.0
low<=40_close50-70_green,YES,against>75,35+,4,0.75,61.5,2.2500000000000036,8.5
low<=40_close55-75_green,YES,against>75,35+,4,0.75,61.5,2.2500000000000036,8.5
low<=40_close40-65_green,NO,with25-75,35+,19,0.7368421052631579,60.421052631578945,2.2105263157894717,6.0
low<=40_close45-65_green,NO,with25-75,35+,19,0.7368421052631579,60.421052631578945,2.2105263157894717,6.0
low<=40_close50-70_green,NO,against>75,35+,6,0.6666666666666666,54.5,2.1666666666666643,9.0
low<=20_close50-70_green,YES,against>75,<=15,8,0.75,61.875,1.875,9.5
low<=25_close50-70_green,YES,against>75,<=15,8,0.75,61.875,1.875,9.5
low<=30_close50-70_green,YES,against>75,<=15,8,0.75,61.875,1.875,9.5
low<=35_close50-70_green,YES,against>75,<=15,8,0.75,61.875,1.875,9.5
low<=40_close50-70_green,YES,against>75,<=15,8,0.75,61.875,1.875,9.5
low<=25_close50-70_green,NO,with25-75,20-25,35,0.7142857142857143,58.97142857142857,1.7428571428571407,6.0
low<=30_close50-70_green,NO,with25-75,20-25,35,0.7142857142857143,58.97142857142857,1.7428571428571407,6.0
low<=35_close50-70_green,NO,with25-75,20-25,35,0.7142857142857143,58.97142857142857,1.7428571428571407,6.0
low<=40_close50-70_green,NO,with25-75,20-25,35,0.7142857142857143,58.97142857142857,1.7428571428571407,6.0
low<=40_close50-70_green,NO,flat,35+,166,0.7228915662650602,59.74698795180723,1.6987951807228903,6.0
low<=25_close50-70_green,YES,against>75,20-25,10,0.7,57.9,1.6000000000000014,8.5
low<=30_close50-70_green,YES,against>75,20-25,10,0.7,57.9,1.6000000000000014,8.5
low<=35_close50-70_green,YES,against>75,20-25,10,0.7,57.9,1.6000000000000014,8.5
low<=40_close50-70_green,YES,against>75,20-25,10,0.7,57.9,1.6000000000000014,8.5
low<=25_close40-65_green,YES,with25-75,20-25,40,0.65,53.675,1.5749999999999995,6.0
low<=30_close40-65_green,YES,with25-75,20-25,40,0.65,53.675,1.5749999999999995,6.0
low<=35_close40-65_green,YES,with25-75,20-25,40,0.65,53.675,1.5749999999999995,6.0
low<=40_close40-65_green,YES,with25-75,20-25,40,0.65,53.675,1.5749999999999995,6.0
low<=40_close55-75_green,NO,flat,35+,182,0.7692307692307693,63.81318681318681,1.5714285714285703,6.0
low<=30_close55-75_green,YES,with>75,25-30,12,0.8333333333333334,69.33333333333333,1.5,6.0
low<=35_close55-75_green,YES,with>75,25-30,12,0.8333333333333334,69.33333333333333,1.5,6.0
low<=40_close55-75_green,YES,with>75,25-30,12,0.8333333333333334,69.33333333333333,1.5,6.0
low<=20_close50-70_green,YES,flat,15-20,60,0.7,58.35,1.15,7.0
low<=25_close50-70_green,YES,flat,15-20,60,0.7,58.35,1.15,7.0
low<=30_close50-70_green,YES,flat,15-20,60,0.7,58.35,1.15,7.0
low<=35_close50-70_green,YES,flat,15-20,60,0.7,58.35,1.15,7.0
low<=40_close50-70_green,YES,flat,15-20,60,0.7,58.35,1.15,7.0
low<=20_close45-65_green,NO,flat,<=15,23,0.6521739130434783,54.391304347826086,1.0434782608695627,8.0
low<=25_close45-65_green,NO,flat,<=15,23,0.6521739130434783,54.391304347826086,1.0434782608695627,8.0
low<=30_close45-65_green,NO,flat,<=15,23,0.6521739130434783,54.391304347826086,1.0434782608695627,8.0
low<=35_close45-65_green,NO,flat,<=15,23,0.6521739130434783,54.391304347826086,1.0434782608695627,8.0
low<=40_close45-65_green,NO,flat,<=15,23,0.6521739130434783,54.391304347826086,1.0434782608695627,8.0
low<=35_close50-70_green,YES,with25-75,30-35,56,0.75,62.82142857142857,0.9285714285714287,6.0
low<=40_close50-70_green,YES,with25-75,30-35,56,0.75,62.82142857142857,0.9285714285714287,6.0
low<=35_close45-65_green,YES,with25-75,30-35,37,0.7027027027027027,58.86486486486486,0.8648648648648649,6.0
low<=40_close45-65_green,YES,with25-75,30-35,37,0.7027027027027027,58.86486486486486,0.8648648648648649,6.0
low<=35_close50-70_green,NO,with25-75,30-35,57,0.7368421052631579,61.8421052631579,0.7894736842105264,6.0
low<=40_close50-70_green,NO,with25-75,30-35,57,0.7368421052631579,61.8421052631579,0.7894736842105264,6.0
low<=35_close50-70_green,NO,with>75,30-35,4,0.75,63.0,0.75,6.0
low<=40_close50-70_green,NO,with>75,30-35,4,0.75,63.0,0.75,6.0
low<=25_close55-75_green,NO,with25-75,20-25,37,0.7567567567567568,63.67567567567568,0.6486486486486464,6.0
low<=30_close55-75_green,NO,with25-75,20-25,37,0.7567567567567568,63.67567567567568,0.6486486486486464,6.0
low<=35_close55-75_green,NO,with25-75,20-25,37,0.7567567567567568,63.67567567567568,0.6486486486486464,6.0
low<=40_close55-75_green,NO,with25-75,20-25,37,0.7567567567567568,63.67567567567568,0.6486486486486464,6.0
low<=20_close40-65_green,NO,with25-75,15-20,28,0.6071428571428571,51.0,0.6071428571428561,6.0
low<=25_close40-65_green,NO,with25-75,15-20,28,0.6071428571428571,51.0,0.6071428571428561,6.0
low<=30_close40-65_green,NO,with25-75,15-20,28,0.6071428571428571,51.0,0.6071428571428561,6.0
low<=35_close40-65_green,NO,with25-75,15-20,28,0.6071428571428571,51.0,0.6071428571428561,6.0
low<=40_close40-65_green,NO,with25-75,15-20,28,0.6071428571428571,51.0,0.6071428571428561,6.0
low<=25_close40-65_green,NO,flat,20-25,118,0.5847457627118644,49.11864406779661,0.5847457627118627,7.0
low<=30_close40-65_green,NO,flat,20-25,118,0.5847457627118644,49.11864406779661,0.5847457627118627,7.0
low<=35_close40-65_green,NO,flat,20-25,118,0.5847457627118644,49.11864406779661,0.5847457627118627,7.0
low<=40_close40-65_green,NO,flat,20-25,118,0.5847457627118644,49.11864406779661,0.5847457627118627,7.0
low<=25_close45-65_green,YES,with25-75,20-25,40,0.65,54.725,0.5249999999999992,6.0
low<=30_close45-65_green,YES,with25-75,20-25,40,0.65,54.725,0.5249999999999992,6.0
low<=35_close45-65_green,YES,with25-75,20-25,40,0.65,54.725,0.5249999999999992,6.0
low<=40_close45-65_green,YES,with25-75,20-25,40,0.65,54.725,0.5249999999999992,6.0
low<=25_close50-70_green,NO,flat,20-25,90,0.6777777777777778,57.111111111111114,0.4999999999999981,7.0
low<=30_close50-70_green,NO,flat,20-25,90,0.6777777777777778,57.111111111111114,0.4999999999999981,7.0
low<=35_close50-70_green,NO,flat,20-25,90,0.6777777777777778,57.111111111111114,0.4999999999999981,7.0
low<=40_close50-70_green,NO,flat,20-25,90,0.6777777777777778,57.111111111111114,0.4999999999999981,7.0
low<=20_close45-65_green,NO,against>75,<=15,12,0.6666666666666666,56.25,0.4166666666666637,9.0
low<=25_close45-65_green,NO,against>75,<=15,12,0.6666666666666666,56.25,0.4166666666666637,9.0
low<=30_close45-65_green,NO,against>75,<=15,12,0.6666666666666666,56.25,0.4166666666666637,9.0
low<=35_close45-65_green,NO,against>75,<=15,12,0.6666666666666666,56.25,0.4166666666666637,9.0
low<=40_close45-65_green,NO,against>75,<=15,12,0.6666666666666666,56.25,0.4166666666666637,9.0
low<=35_close55-75_green,YES,with>75,30-35,10,0.8,67.7,0.3,6.0
low<=40_close55-75_green,YES,with>75,30-35,10,0.8,67.7,0.3,6.0
low<=20_close55-75_green,NO,against>75,<=15,11,0.7272727272727273,61.54545454545455,0.2727272727272695,9.0
low<=25_close55-75_green,NO,against>75,<=15,11,0.7272727272727273,61.54545454545455,0.2727272727272695,9.0
low<=30_close55-75_green,NO,against>75,<=15,11,0.7272727272727273,61.54545454545455,0.2727272727272695,9.0
low<=35_close55-75_green,NO,against>75,<=15,11,0.7272727272727273,61.54545454545455,0.2727272727272695,9.0
low<=40_close55-75_green,NO,against>75,<=15,11,0.7272727272727273,61.54545454545455,0.2727272727272695,9.0
low<=25_close50-70_green,YES,with25-75,20-25,45,0.6888888888888889,58.422222222222224,0.1333333333333324,6.0
low<=30_close50-70_green,YES,with25-75,20-25,45,0.6888888888888889,58.422222222222224,0.1333333333333324,6.0
low<=35_close50-70_green,YES,with25-75,20-25,45,0.6888888888888889,58.422222222222224,0.1333333333333324,6.0
low<=40_close50-70_green,YES,with25-75,20-25,45,0.6888888888888889,58.422222222222224,0.1333333333333324,6.0
low<=20_close50-70_green,NO,against25-75,15-20,28,0.6785714285714286,57.642857142857146,0.03571428571428419,8.0
low<=25_close50-70_green,NO,against25-75,15-20,28,0.6785714285714286,57.642857142857146,0.03571428571428419,8.0
low<=30_close50-70_green,NO,against25-75,15-20,28,0.6785714285714286,57.642857142857146,0.03571428571428419,8.0
low<=35_close50-70_green,NO,against25-75,15-20,28,0.6785714285714286,57.642857142857146,0.03571428571428419,8.0
low<=40_close50-70_green,NO,against25-75,15-20,28,0.6785714285714286,57.642857142857146,0.03571428571428419,8.0
low<=30_close50-70_green,NO,against>75,25-30,6,0.6666666666666666,56.666666666666664,-1.1842378929335002e-15,7.5
low<=35_close50-70_green,NO,against>75,25-30,6,0.6666666666666666,56.666666666666664,-1.1842378929335002e-15,7.5
low<=40_close50-70_green,NO,against>75,25-30,6,0.6666666666666666,56.666666666666664,-1.1842378929335002e-15,7.5
low<=20_close55-75_green,YES,against25-75,15-20,14,0.7142857142857143,60.785714285714285,-0.07142857142857142,8.5
low<=25_close55-75_green,YES,against25-75,15-20,14,0.7142857142857143,60.785714285714285,-0.07142857142857142,8.5
low<=30_close55-75_green,YES,against25-75,15-20,14,0.7142857142857143,60.785714285714285,-0.07142857142857142,8.5
low<=35_close55-75_green,YES,against25-75,15-20,14,0.7142857142857143,60.785714285714285,-0.07142857142857142,8.5
low<=40_close55-75_green,YES,against25-75,15-20,14,0.7142857142857143,60.785714285714285,-0.07142857142857142,8.5
low<=35_close50-70_green,NO,against25-75,30-35,51,0.6666666666666666,56.745098039215684,-0.07843137254902002,7.0
low<=40_close50-70_green,NO,against25-75,30-35,51,0.6666666666666666,56.745098039215684,-0.07843137254902002,7.0
low<=35_close40-65_green,YES,with25-75,30-35,38,0.6842105263157895,58.421052631578945,-0.2631578947368421,6.0
low<=40_close40-65_green,YES,with25-75,30-35,38,0.6842105263157895,58.421052631578945,-0.2631578947368421,6.0
low<=35_close45-65_green,NO,flat,30-35,198,0.6464646464646465,55.22222222222222,-0.2727272727272748,6.0
low<=40_close45-65_green,NO,flat,30-35,198,0.6464646464646465,55.22222222222222,-0.2727272727272748,6.0
low<=20_close40-65_green,YES,with>75,15-20,3,0.6666666666666666,57.0,-0.333333333333331,6.0
low<=20_close45-65_green,YES,with>75,15-20,3,0.6666666666666666,57.0,-0.333333333333331,6.0
low<=20_close50-70_green,YES,with>75,15-20,3,0.6666666666666666,57.0,-0.333333333333331,6.0
low<=25_close40-65_green,YES,with>75,15-20,3,0.6666666666666666,57.0,-0.333333333333331,6.0
low<=25_close45-65_green,YES,with>75,15-20,3,0.6666666666666666,57.0,-0.333333333333331,6.0
low<=25_close50-70_green,YES,with>75,15-20,3,0.6666666666666666,57.0,-0.333333333333331,6.0
low<=30_close40-65_green,YES,with>75,15-20,3,0.6666666666666666,57.0,-0.333333333333331,6.0
low<=30_close45-65_green,YES,with>75,15-20,3,0.6666666666666666,57.0,-0.333333333333331,6.0
low<=30_close50-70_green,YES,with>75,15-20,3,0.6666666666666666,57.0,-0.333333333333331,6.0
low<=35_close40-65_green,YES,with>75,15-20,3,0.6666666666666666,57.0,-0.333333333333331,6.0
low<=35_close45-65_green,YES,with>75,15-20,3,0.6666666666666666,57.0,-0.333333333333331,6.0
low<=35_close50-70_green,YES,with>75,15-20,3,0.6666666666666666,57.0,-0.333333333333331,6.0
low<=40_close40-65_green,YES,with>75,15-20,3,0.6666666666666666,57.0,-0.333333333333331,6.0
low<=40_close45-65_green,YES,with>75,15-20,3,0.6666666666666666,57.0,-0.333333333333331,6.0
low<=40_close50-70_green,YES,with>75,15-20,3,0.6666666666666666,57.0,-0.333333333333331,6.0
low<=20_close55-75_green,YES,flat,15-20,58,0.7413793103448276,63.41379310344828,-0.39655172413793116,8.0
low<=25_close55-75_green,YES,flat,15-20,58,0.7413793103448276,63.41379310344828,-0.39655172413793116,8.0
low<=30_close55-75_green,YES,flat,15-20,58,0.7413793103448276,63.41379310344828,-0.39655172413793116,8.0
low<=35_close55-75_green,YES,flat,15-20,58,0.7413793103448276,63.41379310344828,-0.39655172413793116,8.0
low<=40_close55-75_green,YES,flat,15-20,58,0.7413793103448276,63.41379310344828,-0.39655172413793116,8.0
low<=25_close55-75_green,YES,against25-75,20-25,22,0.7272727272727273,62.31818181818182,-0.49999999999999933,8.0
low<=30_close55-75_green,YES,against25-75,20-25,22,0.7272727272727273,62.31818181818182,-0.49999999999999933,8.0
low<=35_close55-75_green,YES,against25-75,20-25,22,0.7272727272727273,62.31818181818182,-0.49999999999999933,8.0
low<=40_close55-75_green,YES,against25-75,20-25,22,0.7272727272727273,62.31818181818182,-0.49999999999999933,8.0
low<=35_close40-65_green,NO,with25-75,30-35,36,0.6666666666666666,57.22222222222222,-0.5555555555555574,6.0
low<=40_close40-65_green,NO,with25-75,30-35,36,0.6666666666666666,57.22222222222222,-0.5555555555555574,6.0
low<=30_close45-65_green,YES,flat,25-30,153,0.6143790849673203,52.86274509803921,-0.6405228758169939,7.0
low<=35_close45-65_green,YES,flat,25-30,153,0.6143790849673203,52.86274509803921,-0.6405228758169939,7.0
low<=40_close45-65_green,YES,flat,25-30,153,0.6143790849673203,52.86274509803921,-0.6405228758169939,7.0
low<=35_close55-75_green,NO,flat,30-35,217,0.7327188940092166,62.92626728110599,-0.6451612903225827,7.0
low<=40_close55-75_green,NO,flat,30-35,217,0.7327188940092166,62.92626728110599,-0.6451612903225827,7.0
low<=20_close55-75_green,YES,with>75,15-20,4,0.75,64.5,-0.7499999999999982,6.5
low<=25_close55-75_green,YES,with>75,15-20,4,0.75,64.5,-0.7499999999999982,6.5
low<=30_close55-75_green,YES,with>75,15-20,4,0.75,64.5,-0.7499999999999982,6.5
low<=35_close55-75_green,YES,with>75,15-20,4,0.75,64.5,-0.7499999999999982,6.5
low<=40_close55-75_green,YES,with>75,15-20,4,0.75,64.5,-0.7499999999999982,6.5
low<=25_close40-65_green,YES,against25-75,20-25,48,0.5625,48.583333333333336,-0.770833333333333,8.0
low<=30_close40-65_green,YES,against25-75,20-25,48,0.5625,48.583333333333336,-0.770833333333333,8.0
low<=35_close40-65_green,YES,against25-75,20-25,48,0.5625,48.583333333333336,-0.770833333333333,8.0
low<=40_close40-65_green,YES,against25-75,20-25,48,0.5625,48.583333333333336,-0.770833333333333,8.0
low<=20_close50-70_green,NO,flat,15-20,69,0.6811594202898551,58.710144927536234,-0.8115942028985514,8.0
low<=25_close50-70_green,NO,flat,15-20,69,0.6811594202898551,58.710144927536234,-0.8115942028985514,8.0
low<=30_close50-70_green,NO,flat,15-20,69,0.6811594202898551,58.710144927536234,-0.8115942028985514,8.0
low<=35_close50-70_green,NO,flat,15-20,69,0.6811594202898551,58.710144927536234,-0.8115942028985514,8.0
low<=40_close50-70_green,NO,flat,15-20,69,0.6811594202898551,58.710144927536234,-0.8115942028985514,8.0
low<=20_close55-75_green,NO,flat,15-20,58,0.7413793103448276,63.91379310344828,-0.8965517241379319,8.0
low<=25_close55-75_green,NO,flat,15-20,58,0.7413793103448276,63.91379310344828,-0.8965517241379319,8.0
low<=30_close55-75_green,NO,flat,15-20,58,0.7413793103448276,63.91379310344828,-0.8965517241379319,8.0
low<=35_close55-75_green,NO,flat,15-20,58,0.7413793103448276,63.91379310344828,-0.8965517241379319,8.0
low<=40_close55-75_green,NO,flat,15-20,58,0.7413793103448276,63.91379310344828,-0.8965517241379319,8.0
low<=35_close55-75_green,NO,against25-75,30-35,44,0.7272727272727273,62.75,-0.9318181818181823,8.0
low<=40_close55-75_green,NO,against25-75,30-35,44,0.7272727272727273,62.75,-0.9318181818181823,8.0
low<=35_close50-70_green,NO,flat,30-35,208,0.6778846153846154,58.72115384615385,-1.1009615384615403,7.0
low<=40_close50-70_green,NO,flat,30-35,208,0.6778846153846154,58.72115384615385,-1.1009615384615403,7.0
low<=20_close50-70_green,NO,flat,<=15,27,0.6666666666666666,57.77777777777778,-1.111111111111113,7.0
low<=25_close50-70_green,NO,flat,<=15,27,0.6666666666666666,57.77777777777778,-1.111111111111113,7.0
low<=30_close50-70_green,NO,flat,<=15,27,0.6666666666666666,57.77777777777778,-1.111111111111113,7.0
low<=35_close50-70_green,NO,flat,<=15,27,0.6666666666666666,57.77777777777778,-1.111111111111113,7.0
low<=40_close50-70_green,NO,flat,<=15,27,0.6666666666666666,57.77777777777778,-1.111111111111113,7.0
low<=30_close55-75_green,YES,flat,25-30,131,0.7099236641221374,61.54961832061068,-1.2061068702290083,7.0
low<=35_close55-75_green,YES,flat,25-30,131,0.7099236641221374,61.54961832061068,-1.2061068702290083,7.0
low<=40_close55-75_green,YES,flat,25-30,131,0.7099236641221374,61.54961832061068,-1.2061068702290083,7.0
low<=20_close55-75_green,YES,with25-75,15-20,34,0.7352941176470589,63.8235294117647,-1.3235294117647056,7.0
low<=25_close55-75_green,YES,with25-75,15-20,34,0.7352941176470589,63.8235294117647,-1.3235294117647056,7.0
low<=30_close55-75_green,YES,with25-75,15-20,34,0.7352941176470589,63.8235294117647,-1.3235294117647056,7.0
low<=35_close55-75_green,YES,with25-75,15-20,34,0.7352941176470589,63.8235294117647,-1.3235294117647056,7.0
low<=40_close55-75_green,YES,with25-75,15-20,34,0.7352941176470589,63.8235294117647,-1.3235294117647056,7.0
low<=40_close40-65_green,NO,flat,35+,153,0.6274509803921569,54.66013071895425,-1.3267973856209165,6.0
low<=35_close40-65_green,NO,flat,30-35,230,0.5956521739130435,51.982608695652175,-1.3521739130434798,6.0
low<=40_close40-65_green,NO,flat,30-35,230,0.5956521739130435,51.982608695652175,-1.3521739130434798,6.0
low<=20_close40-65_green,YES,flat,15-20,85,0.5529411764705883,48.38823529411765,-1.388235294117647,7.0
low<=25_close40-65_green,YES,flat,15-20,85,0.5529411764705883,48.38823529411765,-1.388235294117647,7.0
low<=30_close40-65_green,YES,flat,15-20,85,0.5529411764705883,48.38823529411765,-1.388235294117647,7.0
low<=35_close40-65_green,YES,flat,15-20,85,0.5529411764705883,48.38823529411765,-1.388235294117647,7.0
low<=40_close40-65_green,YES,flat,15-20,85,0.5529411764705883,48.38823529411765,-1.388235294117647,7.0
low<=30_close45-65_green,NO,flat,25-30,116,0.6206896551724138,54.23275862068966,-1.4741379310344846,7.0
low<=35_close45-65_green,NO,flat,25-30,116,0.6206896551724138,54.23275862068966,-1.4741379310344846,7.0
low<=40_close45-65_green,NO,flat,25-30,116,0.6206896551724138,54.23275862068966,-1.4741379310344846,7.0
low<=30_close50-70_green,YES,flat,25-30,155,0.6580645161290323,57.458064516129035,-1.5225806451612907,7.0
low<=35_close50-70_green,YES,flat,25-30,155,0.6580645161290323,57.458064516129035,-1.5225806451612907,7.0
low<=40_close50-70_green,YES,flat,25-30,155,0.6580645161290323,57.458064516129035,-1.5225806451612907,7.0
low<=20_close55-75_green,NO,against25-75,<=15,18,0.7222222222222222,63.111111111111114,-1.7222222222222234,9.0
low<=25_close55-75_green,NO,against25-75,<=15,18,0.7222222222222222,63.111111111111114,-1.7222222222222234,9.0
low<=30_close55-75_green,NO,against25-75,<=15,18,0.7222222222222222,63.111111111111114,-1.7222222222222234,9.0
low<=35_close55-75_green,NO,against25-75,<=15,18,0.7222222222222222,63.111111111111114,-1.7222222222222234,9.0
low<=40_close55-75_green,NO,against25-75,<=15,18,0.7222222222222222,63.111111111111114,-1.7222222222222234,9.0
low<=30_close40-65_green,NO,flat,25-30,143,0.5734265734265734,50.53846153846154,-1.797202797202798,6.0
low<=35_close40-65_green,NO,flat,25-30,143,0.5734265734265734,50.53846153846154,-1.797202797202798,6.0
low<=40_close40-65_green,NO,flat,25-30,143,0.5734265734265734,50.53846153846154,-1.797202797202798,6.0
low<=40_close45-65_green,NO,flat,35+,144,0.6388888888888888,56.173611111111114,-1.8680555555555576,6.0
low<=30_close55-75_green,NO,against25-75,25-30,21,0.7142857142857143,62.61904761904762,-1.9047619047619069,8.0
low<=35_close55-75_green,NO,against25-75,25-30,21,0.7142857142857143,62.61904761904762,-1.9047619047619069,8.0
low<=40_close55-75_green,NO,against25-75,25-30,21,0.7142857142857143,62.61904761904762,-1.9047619047619069,8.0
low<=35_close50-70_green,YES,with>75,30-35,8,0.75,65.75,-2.0,6.0
low<=40_close50-70_green,YES,with>75,30-35,8,0.75,65.75,-2.0,6.0
low<=30_close40-65_green,NO,with>75,25-30,3,0.6666666666666666,58.66666666666668,-2.000000000000007,6.0
low<=30_close45-65_green,NO,with>75,25-30,3,0.6666666666666666,58.66666666666668,-2.000000000000007,6.0
low<=35_close40-65_green,NO,with>75,25-30,3,0.6666666666666666,58.66666666666668,-2.000000000000007,6.0
low<=35_close45-65_green,NO,with>75,25-30,3,0.6666666666666666,58.66666666666668,-2.000000000000007,6.0
low<=40_close40-65_green,NO,with>75,25-30,3,0.6666666666666666,58.66666666666668,-2.000000000000007,6.0
low<=40_close45-65_green,NO,with>75,25-30,3,0.6666666666666666,58.66666666666668,-2.000000000000007,6.0
low<=40_close50-70_green,YES,with25-75,35+,32,0.71875,63.3125,-2.21875,6.0
low<=25_close55-75_green,NO,flat,20-25,77,0.7142857142857143,62.98701298701299,-2.272727272727275,8.0
low<=30_close55-75_green,NO,flat,20-25,77,0.7142857142857143,62.98701298701299,-2.272727272727275,8.0
low<=35_close55-75_green,NO,flat,20-25,77,0.7142857142857143,62.98701298701299,-2.272727272727275,8.0
low<=40_close55-75_green,NO,flat,20-25,77,0.7142857142857143,62.98701298701299,-2.272727272727275,8.0
low<=20_close40-65_green,NO,flat,<=15,28,0.5714285714285714,50.857142857142854,-2.285714285714288,8.0
low<=25_close40-65_green,NO,flat,<=15,28,0.5714285714285714,50.857142857142854,-2.285714285714288,8.0
low<=30_close40-65_green,NO,flat,<=15,28,0.5714285714285714,50.857142857142854,-2.285714285714288,8.0
low<=35_close40-65_green,NO,flat,<=15,28,0.5714285714285714,50.857142857142854,-2.285714285714288,8.0
low<=40_close40-65_green,NO,flat,<=15,28,0.5714285714285714,50.857142857142854,-2.285714285714288,8.0
low<=35_close45-65_green,NO,with25-75,30-35,35,0.6571428571428571,58.34285714285714,-2.4857142857142875,6.0
low<=40_close45-65_green,NO,with25-75,30-35,35,0.6571428571428571,58.34285714285714,-2.4857142857142875,6.0
low<=30_close40-65_green,YES,flat,25-30,174,0.5632183908045977,50.37356321839081,-2.5000000000000004,6.0
low<=35_close40-65_green,YES,flat,25-30,174,0.5632183908045977,50.37356321839081,-2.5000000000000004,6.0
low<=40_close40-65_green,YES,flat,25-30,174,0.5632183908045977,50.37356321839081,-2.5000000000000004,6.0
low<=20_close55-75_green,YES,against25-75,<=15,18,0.7222222222222222,64.0,-2.6111111111111116,9.0
low<=25_close55-75_green,YES,against25-75,<=15,18,0.7222222222222222,64.0,-2.6111111111111116,9.0
low<=30_close55-75_green,YES,against25-75,<=15,18,0.7222222222222222,64.0,-2.6111111111111116,9.0
low<=35_close55-75_green,YES,against25-75,<=15,18,0.7222222222222222,64.0,-2.6111111111111116,9.0
low<=40_close55-75_green,YES,against25-75,<=15,18,0.7222222222222222,64.0,-2.6111111111111116,9.0
low<=20_close55-75_green,NO,with>75,15-20,11,0.7272727272727273,64.45454545454545,-2.636363636363637,6.0
low<=25_close55-75_green,NO,with>75,15-20,11,0.7272727272727273,64.45454545454545,-2.636363636363637,6.0
low<=30_close55-75_green,NO,with>75,15-20,11,0.7272727272727273,64.45454545454545,-2.636363636363637,6.0
low<=35_close55-75_green,NO,with>75,15-20,11,0.7272727272727273,64.45454545454545,-2.636363636363637,6.0
low<=40_close55-75_green,NO,with>75,15-20,11,0.7272727272727273,64.45454545454545,-2.636363636363637,6.0
low<=35_close55-75_green,YES,flat,30-35,160,0.70625,62.775,-2.74375,7.0
low<=40_close55-75_green,YES,flat,30-35,160,0.70625,62.775,-2.74375,7.0
low<=35_close40-65_green,NO,against>75,30-35,8,0.5,45.25,-2.7500000000000036,7.0
low<=40_close40-65_green,NO,against>75,30-35,8,0.5,45.25,-2.7500000000000036,7.0
low<=30_close50-70_green,NO,flat,25-30,123,0.6585365853658537,58.78048780487805,-2.8048780487804894,7.0
low<=35_close50-70_green,NO,flat,25-30,123,0.6585365853658537,58.78048780487805,-2.8048780487804894,7.0
low<=40_close50-70_green,NO,flat,25-30,123,0.6585365853658537,58.78048780487805,-2.8048780487804894,7.0
low<=35_close55-75_green,NO,with25-75,30-35,77,0.7532467532467533,66.97402597402598,-2.948051948051948,6.0
low<=40_close55-75_green,NO,with25-75,30-35,77,0.7532467532467533,66.97402597402598,-2.948051948051948,6.0
low<=20_close45-65_green,NO,against>75,15-20,10,0.6,54.0,-3.000000000000001,9.0
low<=25_close45-65_green,NO,against>75,15-20,10,0.6,54.0,-3.000000000000001,9.0
low<=30_close45-65_green,NO,against>75,15-20,10,0.6,54.0,-3.000000000000001,9.0
low<=35_close45-65_green,NO,against>75,15-20,10,0.6,54.0,-3.000000000000001,9.0
low<=40_close45-65_green,NO,against>75,15-20,10,0.6,54.0,-3.000000000000001,9.0
low<=20_close50-70_green,NO,against>75,<=15,14,0.6428571428571429,57.642857142857146,-3.0000000000000027,9.0
low<=25_close50-70_green,NO,against>75,<=15,14,0.6428571428571429,57.642857142857146,-3.0000000000000027,9.0
low<=30_close50-70_green,NO,against>75,<=15,14,0.6428571428571429,57.642857142857146,-3.0000000000000027,9.0
low<=35_close50-70_green,NO,against>75,<=15,14,0.6428571428571429,57.642857142857146,-3.0000000000000027,9.0
low<=40_close50-70_green,NO,against>75,<=15,14,0.6428571428571429,57.642857142857146,-3.0000000000000027,9.0
low<=40_close40-65_green,NO,against>75,35+,7,0.5714285714285714,51.714285714285715,-3.142857142857145,6.0
low<=25_close55-75_green,YES,with25-75,20-25,44,0.7045454545454546,63.06818181818182,-3.1818181818181825,6.0
low<=30_close55-75_green,YES,with25-75,20-25,44,0.7045454545454546,63.06818181818182,-3.1818181818181825,6.0
low<=35_close55-75_green,YES,with25-75,20-25,44,0.7045454545454546,63.06818181818182,-3.1818181818181825,6.0
low<=40_close55-75_green,YES,with25-75,20-25,44,0.7045454545454546,63.06818181818182,-3.1818181818181825,6.0
low<=40_close45-65_green,YES,flat,35+,149,0.6174496644295302,55.81879194630873,-3.335570469798658,6.0
low<=40_close40-65_green,YES,with25-75,35+,18,0.6666666666666666,60.166666666666664,-3.4999999999999996,6.0
low<=40_close45-65_green,YES,with25-75,35+,18,0.6666666666666666,60.166666666666664,-3.4999999999999996,6.0
low<=40_close40-65_green,YES,flat,35+,161,0.5962732919254659,54.2360248447205,-3.5527950310559007,6.0
low<=35_close40-65_green,NO,against25-75,30-35,62,0.532258064516129,48.854838709677416,-3.6129032258064524,7.0
low<=40_close40-65_green,NO,against25-75,30-35,62,0.532258064516129,48.854838709677416,-3.6129032258064524,7.0
low<=40_close55-75_green,YES,with25-75,35+,70,0.7571428571428571,68.0,-3.6428571428571423,6.0
low<=20_close45-65_green,YES,flat,15-20,67,0.5671641791044776,51.91044776119403,-3.7014925373134333,7.0
low<=25_close45-65_green,YES,flat,15-20,67,0.5671641791044776,51.91044776119403,-3.7014925373134333,7.0
low<=30_close45-65_green,YES,flat,15-20,67,0.5671641791044776,51.91044776119403,-3.7014925373134333,7.0
low<=35_close45-65_green,YES,flat,15-20,67,0.5671641791044776,51.91044776119403,-3.7014925373134333,7.0
low<=40_close45-65_green,YES,flat,15-20,67,0.5671641791044776,51.91044776119403,-3.7014925373134333,7.0
low<=20_close40-65_green,YES,flat,<=15,40,0.5,46.225,-3.725,7.0
low<=25_close40-65_green,YES,flat,<=15,40,0.5,46.225,-3.725,7.0
low<=30_close40-65_green,YES,flat,<=15,40,0.5,46.225,-3.725,7.0
low<=35_close40-65_green,YES,flat,<=15,40,0.5,46.225,-3.725,7.0
low<=40_close40-65_green,YES,flat,<=15,40,0.5,46.225,-3.725,7.0
low<=40_close50-70_green,YES,flat,35+,175,0.6685714285714286,60.66285714285714,-3.834285714285714,6.0
low<=20_close50-70_green,NO,against25-75,<=15,16,0.625,57.125,-4.000000000000001,8.0
low<=25_close50-70_green,NO,against25-75,<=15,16,0.625,57.125,-4.000000000000001,8.0
low<=30_close50-70_green,NO,against25-75,<=15,16,0.625,57.125,-4.000000000000001,8.0
low<=35_close50-70_green,NO,against25-75,<=15,16,0.625,57.125,-4.000000000000001,8.0
low<=40_close50-70_green,NO,against25-75,<=15,16,0.625,57.125,-4.000000000000001,8.0
low<=25_close55-75_green,NO,with>75,20-25,12,0.75,67.75,-4.000000000000001,6.0
low<=30_close55-75_green,NO,with>75,20-25,12,0.75,67.75,-4.000000000000001,6.0
low<=35_close55-75_green,NO,with>75,20-25,12,0.75,67.75,-4.000000000000001,6.0
low<=40_close55-75_green,NO,with>75,20-25,12,0.75,67.75,-4.000000000000001,6.0
low<=30_close55-75_green,NO,flat,25-30,118,0.6949152542372882,63.09322033898305,-4.0254237288135615,7.0
low<=35_close55-75_green,NO,flat,25-30,118,0.6949152542372882,63.09322033898305,-4.0254237288135615,7.0
low<=40_close55-75_green,NO,flat,25-30,118,0.6949152542372882,63.09322033898305,-4.0254237288135615,7.0
low<=20_close40-65_green,NO,against25-75,15-20,37,0.5405405405405406,50.0,-4.054054054054055,8.0
low<=25_close40-65_green,NO,against25-75,15-20,37,0.5405405405405406,50.0,-4.054054054054055,8.0
low<=30_close40-65_green,NO,against25-75,15-20,37,0.5405405405405406,50.0,-4.054054054054055,8.0
low<=35_close40-65_green,NO,against25-75,15-20,37,0.5405405405405406,50.0,-4.054054054054055,8.0
low<=40_close40-65_green,NO,against25-75,15-20,37,0.5405405405405406,50.0,-4.054054054054055,8.0
low<=35_close45-65_green,NO,against25-75,30-35,53,0.5660377358490566,52.18867924528302,-4.075471698113208,7.0
low<=40_close45-65_green,NO,against25-75,30-35,53,0.5660377358490566,52.18867924528302,-4.075471698113208,7.0
low<=20_close45-65_green,NO,against25-75,<=15,17,0.5882352941176471,54.35294117647059,-4.3529411764705905,8.0
low<=25_close45-65_green,NO,against25-75,<=15,17,0.5882352941176471,54.35294117647059,-4.3529411764705905,8.0
low<=30_close45-65_green,NO,against25-75,<=15,17,0.5882352941176471,54.35294117647059,-4.3529411764705905,8.0
low<=35_close45-65_green,NO,against25-75,<=15,17,0.5882352941176471,54.35294117647059,-4.3529411764705905,8.0
low<=40_close45-65_green,NO,against25-75,<=15,17,0.5882352941176471,54.35294117647059,-4.3529411764705905,8.0
low<=20_close45-65_green,NO,flat,15-20,76,0.5657894736842105,52.46052631578947,-4.36842105263158,7.0
low<=25_close45-65_green,NO,flat,15-20,76,0.5657894736842105,52.46052631578947,-4.36842105263158,7.0
low<=30_close45-65_green,NO,flat,15-20,76,0.5657894736842105,52.46052631578947,-4.36842105263158,7.0
low<=35_close45-65_green,NO,flat,15-20,76,0.5657894736842105,52.46052631578947,-4.36842105263158,7.0
low<=40_close45-65_green,NO,flat,15-20,76,0.5657894736842105,52.46052631578947,-4.36842105263158,7.0
low<=30_close45-65_green,NO,against25-75,25-30,28,0.5714285714285714,53.035714285714285,-4.464285714285715,8.0
low<=35_close45-65_green,NO,against25-75,25-30,28,0.5714285714285714,53.035714285714285,-4.464285714285715,8.0
low<=40_close45-65_green,NO,against25-75,25-30,28,0.5714285714285714,53.035714285714285,-4.464285714285715,8.0
low<=30_close55-75_green,YES,with25-75,25-30,97,0.7216494845360825,66.01030927835052,-4.670103092783505,6.0
low<=35_close55-75_green,YES,with25-75,25-30,97,0.7216494845360825,66.01030927835052,-4.670103092783505,6.0
low<=40_close55-75_green,YES,with25-75,25-30,97,0.7216494845360825,66.01030927835052,-4.670103092783505,6.0
low<=30_close40-65_green,NO,against25-75,25-30,37,0.5135135135135135,48.45945945945946,-4.810810810810811,7.0
low<=35_close40-65_green,NO,against25-75,25-30,37,0.5135135135135135,48.45945945945946,-4.810810810810811,7.0
low<=40_close40-65_green,NO,against25-75,25-30,37,0.5135135135135135,48.45945945945946,-4.810810810810811,7.0
low<=20_close40-65_green,NO,against>75,15-20,11,0.5454545454545454,51.18181818181818,-4.818181818181817,9.0
low<=25_close40-65_green,NO,against>75,15-20,11,0.5454545454545454,51.18181818181818,-4.818181818181817,9.0
low<=30_close40-65_green,NO,against>75,15-20,11,0.5454545454545454,51.18181818181818,-4.818181818181817,9.0
low<=35_close40-65_green,NO,against>75,15-20,11,0.5454545454545454,51.18181818181818,-4.818181818181817,9.0
low<=40_close40-65_green,NO,against>75,15-20,11,0.5454545454545454,51.18181818181818,-4.818181818181817,9.0
low<=20_close40-65_green,NO,against>75,<=15,19,0.5263157894736842,49.631578947368425,-4.894736842105267,9.0
low<=25_close40-65_green,NO,against>75,<=15,19,0.5263157894736842,49.631578947368425,-4.894736842105267,9.0
low<=30_close40-65_green,NO,against>75,<=15,19,0.5263157894736842,49.631578947368425,-4.894736842105267,9.0
low<=35_close40-65_green,NO,against>75,<=15,19,0.5263157894736842,49.631578947368425,-4.894736842105267,9.0
low<=40_close40-65_green,NO,against>75,<=15,19,0.5263157894736842,49.631578947368425,-4.894736842105267,9.0
low<=40_close55-75_green,YES,flat,35+,184,0.6902173913043478,63.608695652173914,-4.940217391304348,6.0
low<=35_close55-75_green,YES,against>75,30-35,6,0.6666666666666666,61.666666666666664,-4.999999999999999,7.5
low<=40_close55-75_green,YES,against>75,30-35,6,0.6666666666666666,61.666666666666664,-4.999999999999999,7.5
low<=35_close50-70_green,YES,flat,30-35,170,0.6294117647058823,58.68235294117647,-5.182352941176471,7.0
low<=40_close50-70_green,YES,flat,30-35,170,0.6294117647058823,58.68235294117647,-5.182352941176471,7.0
low<=20_close45-65_green,NO,against25-75,15-20,31,0.5806451612903226,54.67741935483871,-5.322580645161292,8.0
low<=25_close45-65_green,NO,against25-75,15-20,31,0.5806451612903226,54.67741935483871,-5.322580645161292,8.0
low<=30_close45-65_green,NO,against25-75,15-20,31,0.5806451612903226,54.67741935483871,-5.322580645161292,8.0
low<=35_close45-65_green,NO,against25-75,15-20,31,0.5806451612903226,54.67741935483871,-5.322580645161292,8.0
low<=40_close45-65_green,NO,against25-75,15-20,31,0.5806451612903226,54.67741935483871,-5.322580645161292,8.0
low<=35_close45-65_green,YES,flat,30-35,162,0.5740740740740741,54.401234567901234,-5.604938271604938,6.0
low<=40_close45-65_green,YES,flat,30-35,162,0.5740740740740741,54.401234567901234,-5.604938271604938,6.0
low<=20_close45-65_green,NO,with25-75,<=15,11,0.5454545454545454,52.45454545454545,-6.090909090909093,7.0
low<=25_close45-65_green,NO,with25-75,<=15,11,0.5454545454545454,52.45454545454545,-6.090909090909093,7.0
low<=30_close45-65_green,NO,with25-75,<=15,11,0.5454545454545454,52.45454545454545,-6.090909090909093,7.0
low<=35_close45-65_green,NO,with25-75,<=15,11,0.5454545454545454,52.45454545454545,-6.090909090909093,7.0
low<=40_close45-65_green,NO,with25-75,<=15,11,0.5454545454545454,52.45454545454545,-6.090909090909093,7.0
low<=35_close50-70_green,YES,against>75,30-35,5,0.6,57.2,-6.199999999999998,7.0
low<=40_close50-70_green,YES,against>75,30-35,5,0.6,57.2,-6.199999999999998,7.0
low<=30_close45-65_green,NO,against>75,25-30,7,0.5714285714285714,54.857142857142854,-6.2857142857142865,7.0
low<=35_close45-65_green,NO,against>75,25-30,7,0.5714285714285714,54.857142857142854,-6.2857142857142865,7.0
low<=40_close45-65_green,NO,against>75,25-30,7,0.5714285714285714,54.857142857142854,-6.2857142857142865,7.0
low<=30_close50-70_green,YES,with>75,25-30,9,0.6666666666666666,63.0,-6.333333333333333,6.0
low<=35_close50-70_green,YES,with>75,25-30,9,0.6666666666666666,63.0,-6.333333333333333,6.0
low<=40_close50-70_green,YES,with>75,25-30,9,0.6666666666666666,63.0,-6.333333333333333,6.0
low<=30_close45-65_green,NO,with25-75,25-30,41,0.6097560975609756,58.26829268292683,-6.4390243902439055,6.0
low<=35_close45-65_green,NO,with25-75,25-30,41,0.6097560975609756,58.26829268292683,-6.4390243902439055,6.0
low<=40_close45-65_green,NO,with25-75,25-30,41,0.6097560975609756,58.26829268292683,-6.4390243902439055,6.0
low<=35_close40-65_green,YES,flat,30-35,181,0.5414364640883977,52.52486187845304,-6.502762430939226,6.0
low<=40_close40-65_green,YES,flat,30-35,181,0.5414364640883977,52.52486187845304,-6.502762430939226,6.0
low<=20_close40-65_green,NO,with25-75,<=15,12,0.5,49.25,-6.750000000000003,6.0
low<=25_close40-65_green,NO,with25-75,<=15,12,0.5,49.25,-6.750000000000003,6.0
low<=30_close40-65_green,NO,with25-75,<=15,12,0.5,49.25,-6.750000000000003,6.0
low<=35_close40-65_green,NO,with25-75,<=15,12,0.5,49.25,-6.750000000000003,6.0
low<=40_close40-65_green,NO,with25-75,<=15,12,0.5,49.25,-6.750000000000003,6.0
low<=30_close55-75_green,NO,with25-75,25-30,69,0.6811594202898551,64.71014492753623,-6.811594202898552,6.0
low<=35_close55-75_green,NO,with25-75,25-30,69,0.6811594202898551,64.71014492753623,-6.811594202898552,6.0
low<=40_close55-75_green,NO,with25-75,25-30,69,0.6811594202898551,64.71014492753623,-6.811594202898552,6.0
low<=20_close50-70_green,NO,with>75,15-20,8,0.625,60.0,-6.875000000000001,6.0
low<=25_close50-70_green,NO,with>75,15-20,8,0.625,60.0,-6.875000000000001,6.0
low<=30_close50-70_green,NO,with>75,15-20,8,0.625,60.0,-6.875000000000001,6.0
low<=35_close50-70_green,NO,with>75,15-20,8,0.625,60.0,-6.875000000000001,6.0
low<=40_close50-70_green,NO,with>75,15-20,8,0.625,60.0,-6.875000000000001,6.0
low<=30_close50-70_green,YES,with25-75,25-30,72,0.6527777777777778,62.40277777777778,-6.916666666666667,6.0
low<=35_close50-70_green,YES,with25-75,25-30,72,0.6527777777777778,62.40277777777778,-6.916666666666667,6.0
low<=40_close50-70_green,YES,with25-75,25-30,72,0.6527777777777778,62.40277777777778,-6.916666666666667,6.0
low<=30_close40-65_green,NO,with25-75,25-30,43,0.5813953488372093,56.72093023255814,-7.302325581395351,6.0
low<=35_close40-65_green,NO,with25-75,25-30,43,0.5813953488372093,56.72093023255814,-7.302325581395351,6.0
low<=40_close40-65_green,NO,with25-75,25-30,43,0.5813953488372093,56.72093023255814,-7.302325581395351,6.0
low<=20_close40-65_green,YES,against>75,<=15,9,0.4444444444444444,45.111111111111114,-7.333333333333333,8.0
low<=25_close40-65_green,YES,against>75,<=15,9,0.4444444444444444,45.111111111111114,-7.333333333333333,8.0
low<=30_close40-65_green,YES,against>75,<=15,9,0.4444444444444444,45.111111111111114,-7.333333333333333,8.0
low<=35_close40-65_green,YES,against>75,<=15,9,0.4444444444444444,45.111111111111114,-7.333333333333333,8.0
low<=40_close40-65_green,YES,against>75,<=15,9,0.4444444444444444,45.111111111111114,-7.333333333333333,8.0
low<=20_close40-65_green,NO,flat,15-20,99,0.48484848484848486,48.61616161616162,-7.404040404040404,7.0
low<=25_close40-65_green,NO,flat,15-20,99,0.48484848484848486,48.61616161616162,-7.404040404040404,7.0
low<=30_close40-65_green,NO,flat,15-20,99,0.48484848484848486,48.61616161616162,-7.404040404040404,7.0
low<=35_close40-65_green,NO,flat,15-20,99,0.48484848484848486,48.61616161616162,-7.404040404040404,7.0
low<=40_close40-65_green,NO,flat,15-20,99,0.48484848484848486,48.61616161616162,-7.404040404040404,7.0
low<=20_close55-75_green,YES,flat,<=15,21,0.6666666666666666,64.14285714285714,-7.476190476190477,9.0
low<=25_close55-75_green,YES,flat,<=15,21,0.6666666666666666,64.14285714285714,-7.476190476190477,9.0
low<=30_close55-75_green,YES,flat,<=15,21,0.6666666666666666,64.14285714285714,-7.476190476190477,9.0
low<=35_close55-75_green,YES,flat,<=15,21,0.6666666666666666,64.14285714285714,-7.476190476190477,9.0
low<=40_close55-75_green,YES,flat,<=15,21,0.6666666666666666,64.14285714285714,-7.476190476190477,9.0
low<=20_close50-70_green,YES,flat,<=15,22,0.5909090909090909,57.72727272727273,-7.5,7.0
low<=25_close50-70_green,YES,flat,<=15,22,0.5909090909090909,57.72727272727273,-7.5,7.0
low<=30_close50-70_green,YES,flat,<=15,22,0.5909090909090909,57.72727272727273,-7.5,7.0
low<=35_close50-70_green,YES,flat,<=15,22,0.5909090909090909,57.72727272727273,-7.5,7.0
low<=40_close50-70_green,YES,flat,<=15,22,0.5909090909090909,57.72727272727273,-7.5,7.0
low<=30_close40-65_green,YES,against>75,25-30,6,0.5,50.333333333333336,-7.833333333333335,8.0
low<=35_close40-65_green,YES,against>75,25-30,6,0.5,50.333333333333336,-7.833333333333335,8.0
low<=40_close40-65_green,YES,against>75,25-30,6,0.5,50.333333333333336,-7.833333333333335,8.0
low<=30_close45-65_green,YES,with25-75,25-30,50,0.58,57.48,-8.18,6.0
low<=35_close45-65_green,YES,with25-75,25-30,50,0.58,57.48,-8.18,6.0
low<=40_close45-65_green,YES,with25-75,25-30,50,0.58,57.48,-8.18,6.0
low<=30_close50-70_green,NO,with25-75,25-30,58,0.6206896551724138,61.05172413793103,-8.293103448275863,6.0
low<=35_close50-70_green,NO,with25-75,25-30,58,0.6206896551724138,61.05172413793103,-8.293103448275863,6.0
low<=40_close50-70_green,NO,with25-75,25-30,58,0.6206896551724138,61.05172413793103,-8.293103448275863,6.0
low<=20_close40-65_green,YES,against25-75,<=15,30,0.4666666666666667,48.03333333333333,-8.366666666666667,8.0
low<=25_close40-65_green,YES,against25-75,<=15,30,0.4666666666666667,48.03333333333333,-8.366666666666667,8.0
low<=30_close40-65_green,YES,against25-75,<=15,30,0.4666666666666667,48.03333333333333,-8.366666666666667,8.0
low<=35_close40-65_green,YES,against25-75,<=15,30,0.4666666666666667,48.03333333333333,-8.366666666666667,8.0
low<=40_close40-65_green,YES,against25-75,<=15,30,0.4666666666666667,48.03333333333333,-8.366666666666667,8.0
low<=30_close40-65_green,YES,with25-75,25-30,51,0.5686274509803921,56.90196078431372,-8.568627450980392,6.0
low<=35_close40-65_green,YES,with25-75,25-30,51,0.5686274509803921,56.90196078431372,-8.568627450980392,6.0
low<=40_close40-65_green,YES,with25-75,25-30,51,0.5686274509803921,56.90196078431372,-8.568627450980392,6.0
low<=30_close45-65_green,YES,against>75,25-30,6,0.5,51.833333333333336,-9.333333333333334,8.0
low<=35_close45-65_green,YES,against>75,25-30,6,0.5,51.833333333333336,-9.333333333333334,8.0
low<=40_close45-65_green,YES,against>75,25-30,6,0.5,51.833333333333336,-9.333333333333334,8.0
low<=20_close45-65_green,YES,flat,<=15,25,0.48,51.76,-10.96,7.0
low<=25_close45-65_green,YES,flat,<=15,25,0.48,51.76,-10.96,7.0
low<=30_close45-65_green,YES,flat,<=15,25,0.48,51.76,-10.96,7.0
low<=35_close45-65_green,YES,flat,<=15,25,0.48,51.76,-10.96,7.0
low<=40_close45-65_green,YES,flat,<=15,25,0.48,51.76,-10.96,7.0
low<=20_close45-65_green,YES,against25-75,<=15,23,0.4782608695652174,51.65217391304348,-11.0,9.0
low<=25_close45-65_green,YES,against25-75,<=15,23,0.4782608695652174,51.65217391304348,-11.0,9.0
low<=30_close45-65_green,YES,against25-75,<=15,23,0.4782608695652174,51.65217391304348,-11.0,9.0
low<=35_close45-65_green,YES,against25-75,<=15,23,0.4782608695652174,51.65217391304348,-11.0,9.0
low<=40_close45-65_green,YES,against25-75,<=15,23,0.4782608695652174,51.65217391304348,-11.0,9.0
low<=20_close50-70_green,YES,against25-75,<=15,25,0.56,58.64,-11.04,9.0
low<=25_close50-70_green,YES,against25-75,<=15,25,0.56,58.64,-11.04,9.0
low<=30_close50-70_green,YES,against25-75,<=15,25,0.56,58.64,-11.04,9.0
low<=35_close50-70_green,YES,against25-75,<=15,25,0.56,58.64,-11.04,9.0
low<=40_close50-70_green,YES,against25-75,<=15,25,0.56,58.64,-11.04,9.0
low<=25_close55-75_green,YES,with>75,20-25,19,0.631578947368421,65.10526315789474,-11.421052631578947,6.0
low<=30_close55-75_green,YES,with>75,20-25,19,0.631578947368421,65.10526315789474,-11.421052631578947,6.0
low<=35_close55-75_green,YES,with>75,20-25,19,0.631578947368421,65.10526315789474,-11.421052631578947,6.0
low<=40_close55-75_green,YES,with>75,20-25,19,0.631578947368421,65.10526315789474,-11.421052631578947,6.0
low<=20_close45-65_green,YES,against>75,<=15,6,0.5,54.166666666666664,-11.666666666666666,9.0
low<=25_close45-65_green,YES,against>75,<=15,6,0.5,54.166666666666664,-11.666666666666666,9.0
low<=30_close45-65_green,YES,against>75,<=15,6,0.5,54.166666666666664,-11.666666666666666,9.0
low<=35_close45-65_green,YES,against>75,<=15,6,0.5,54.166666666666664,-11.666666666666666,9.0
low<=40_close45-65_green,YES,against>75,<=15,6,0.5,54.166666666666664,-11.666666666666666,9.0
low<=20_close55-75_green,NO,against25-75,15-20,22,0.5909090909090909,61.95454545454545,-11.72727272727273,8.0
low<=25_close55-75_green,NO,against25-75,15-20,22,0.5909090909090909,61.95454545454545,-11.72727272727273,8.0
low<=30_close55-75_green,NO,against25-75,15-20,22,0.5909090909090909,61.95454545454545,-11.72727272727273,8.0
low<=35_close55-75_green,NO,against25-75,15-20,22,0.5909090909090909,61.95454545454545,-11.72727272727273,8.0
low<=40_close55-75_green,NO,against25-75,15-20,22,0.5909090909090909,61.95454545454545,-11.72727272727273,8.0
low<=20_close55-75_green,NO,with25-75,<=15,7,0.5714285714285714,62.285714285714285,-13.714285714285717,7.0
low<=25_close55-75_green,NO,with25-75,<=15,7,0.5714285714285714,62.285714285714285,-13.714285714285717,7.0
low<=30_close55-75_green,NO,with25-75,<=15,7,0.5714285714285714,62.285714285714285,-13.714285714285717,7.0
low<=35_close55-75_green,NO,with25-75,<=15,7,0.5714285714285714,62.285714285714285,-13.714285714285717,7.0
low<=40_close55-75_green,NO,with25-75,<=15,7,0.5714285714285714,62.285714285714285,-13.714285714285717,7.0
low<=30_close40-65_green,YES,with>75,25-30,4,0.5,56.5,-14.0,6.0
low<=30_close45-65_green,YES,with>75,25-30,4,0.5,56.5,-14.0,6.0
low<=35_close40-65_green,YES,with>75,25-30,4,0.5,56.5,-14.0,6.0
low<=35_close45-65_green,YES,with>75,25-30,4,0.5,56.5,-14.0,6.0
low<=40_close40-65_green,YES,with>75,25-30,4,0.5,56.5,-14.0,6.0
low<=40_close45-65_green,YES,with>75,25-30,4,0.5,56.5,-14.0,6.0
low<=20_close40-65_green,NO,with>75,15-20,6,0.5,57.666666666666664,-15.166666666666671,6.0
low<=20_close45-65_green,NO,with>75,15-20,6,0.5,57.666666666666664,-15.166666666666671,6.0
low<=25_close40-65_green,NO,with>75,15-20,6,0.5,57.666666666666664,-15.166666666666671,6.0
low<=25_close45-65_green,NO,with>75,15-20,6,0.5,57.666666666666664,-15.166666666666671,6.0
low<=30_close40-65_green,NO,with>75,15-20,6,0.5,57.666666666666664,-15.166666666666671,6.0
low<=30_close45-65_green,NO,with>75,15-20,6,0.5,57.666666666666664,-15.166666666666671,6.0
low<=35_close40-65_green,NO,with>75,15-20,6,0.5,57.666666666666664,-15.166666666666671,6.0
low<=35_close45-65_green,NO,with>75,15-20,6,0.5,57.666666666666664,-15.166666666666671,6.0
low<=40_close40-65_green,NO,with>75,15-20,6,0.5,57.666666666666664,-15.166666666666671,6.0
low<=40_close45-65_green,NO,with>75,15-20,6,0.5,57.666666666666664,-15.166666666666671,6.0
low<=30_close40-65_green,NO,against>75,25-30,10,0.4,49.6,-15.6,8.0
low<=35_close40-65_green,NO,against>75,25-30,10,0.4,49.6,-15.6,8.0
low<=40_close40-65_green,NO,against>75,25-30,10,0.4,49.6,-15.6,8.0
low<=20_close50-70_green,NO,with25-75,<=15,8,0.5,58.25,-15.75,7.0
low<=25_close50-70_green,NO,with25-75,<=15,8,0.5,58.25,-15.75,7.0
low<=30_close50-70_green,NO,with25-75,<=15,8,0.5,58.25,-15.75,7.0
low<=35_close50-70_green,NO,with25-75,<=15,8,0.5,58.25,-15.75,7.0
low<=40_close50-70_green,NO,with25-75,<=15,8,0.5,58.25,-15.75,7.0
low<=40_close40-65_green,YES,against25-75,35+,45,0.4,51.44444444444444,-17.444444444444443,6.0
low<=30_close50-70_green,YES,against>75,25-30,6,0.5,60.0,-17.5,9.0
low<=35_close50-70_green,YES,against>75,25-30,6,0.5,60.0,-17.5,9.0
low<=40_close50-70_green,YES,against>75,25-30,6,0.5,60.0,-17.5,9.0
low<=20_close55-75_green,NO,against>75,15-20,4,0.5,61.25,-18.75,9.0
low<=25_close55-75_green,NO,against>75,15-20,4,0.5,61.25,-18.75,9.0
low<=30_close55-75_green,NO,against>75,15-20,4,0.5,61.25,-18.75,9.0
low<=35_close55-75_green,NO,against>75,15-20,4,0.5,61.25,-18.75,9.0
low<=40_close55-75_green,NO,against>75,15-20,4,0.5,61.25,-18.75,9.0
low<=40_close45-65_green,YES,against25-75,35+,38,0.39473684210526316,54.026315789473685,-20.473684210526315,7.0
low<=35_close40-65_green,YES,against>75,30-35,12,0.3333333333333333,49.0,-20.666666666666668,7.0
low<=40_close40-65_green,YES,against>75,30-35,12,0.3333333333333333,49.0,-20.666666666666668,7.0
low<=40_close50-70_green,YES,with>75,35+,2,0.5,63.5,-21.0,6.0
low<=35_close45-65_green,YES,against>75,30-35,8,0.375,53.125,-21.25,7.0
low<=40_close45-65_green,YES,against>75,30-35,8,0.375,53.125,-21.25,7.0
low<=30_close55-75_green,YES,against>75,25-30,4,0.5,63.75,-21.25,9.0
low<=35_close55-75_green,YES,against>75,25-30,4,0.5,63.75,-21.25,9.0
low<=40_close55-75_green,YES,against>75,25-30,4,0.5,63.75,-21.25,9.0
low<=25_close40-65_green,YES,with>75,20-25,10,0.4,56.3,-22.3,6.0
low<=25_close45-65_green,YES,with>75,20-25,10,0.4,56.3,-22.3,6.0
low<=30_close40-65_green,YES,with>75,20-25,10,0.4,56.3,-22.3,6.0
low<=30_close45-65_green,YES,with>75,20-25,10,0.4,56.3,-22.3,6.0
low<=35_close40-65_green,YES,with>75,20-25,10,0.4,56.3,-22.3,6.0
low<=35_close45-65_green,YES,with>75,20-25,10,0.4,56.3,-22.3,6.0
low<=40_close40-65_green,YES,with>75,20-25,10,0.4,56.3,-22.3,6.0
low<=40_close45-65_green,YES,with>75,20-25,10,0.4,56.3,-22.3,6.0
low<=40_close55-75_green,YES,against25-75,35+,31,0.45161290322580644,61.193548387096776,-22.806451612903224,7.0
low<=40_close50-70_green,YES,against25-75,35+,36,0.3888888888888889,57.97222222222222,-24.916666666666668,7.0
low<=40_close55-75_green,YES,with>75,35+,6,0.5,69.5,-27.0,6.0
low<=25_close50-70_green,YES,with>75,20-25,13,0.38461538461538464,60.76923076923077,-28.076923076923077,6.0
low<=30_close50-70_green,YES,with>75,20-25,13,0.38461538461538464,60.76923076923077,-28.076923076923077,6.0
low<=35_close50-70_green,YES,with>75,20-25,13,0.38461538461538464,60.76923076923077,-28.076923076923077,6.0
low<=40_close50-70_green,YES,with>75,20-25,13,0.38461538461538464,60.76923076923077,-28.076923076923077,6.0
low<=40_close55-75_green,NO,against>75,35+,3,0.3333333333333333,59.333333333333336,-31.000000000000004,6.0
low<=40_close40-65_green,YES,with>75,35+,1,0.0,61.0,-61.0,6.0
low<=40_close45-65_green,YES,with>75,35+,1,0.0,61.0,-61.0,6.0
