rule,side_filter,target_c,trades,avg_entry_c,median_entry_minute,hit_rate,breakeven_hit_rate,avg_pnl_c,total_pnl_c,min_quartile_ev_c,quartile_ev_c,positive_weeks,weeks,min_week_ev_c,avg_early_low_c,avg_early_reclaim_c,avg_signed_btc_ret_1_5,avg_btc_range_1_5
low<=20_close40-65_green,BOTH,60,536,49.13059701492537,7.0,0.7723880597014925,0.8188432835820895,-2.787313432835821,-1494.0,-6.485074626865672,"-2.33,-2.10,-0.23,-6.49",2,10,-9.0,15.486940298507463,11.87257462686567,-8.479085820895293,105.83067164179131
low<=20_close40-65_green,BOTH,70,536,49.13059701492537,7.0,0.6921641791044776,0.701865671641791,-0.6791044776119406,-364.00000000000017,-1.656716417910448,"1.48,-1.66,-1.05,-1.49",3,10,-3.883720930232558,15.486940298507463,11.87257462686567,-8.479085820895293,105.83067164179131
low<=20_close40-65_green,BOTH,80,536,49.13059701492537,7.0,0.6063432835820896,0.6141324626865672,-0.6231343283582089,-334.0,-3.2985074626865676,"3.49,-3.30,-0.83,-1.86",5,10,-5.88135593220339,15.486940298507463,11.87257462686567,-8.479085820895293,105.83067164179131
low<=20_close40-65_green,BOTH,85,536,49.13059701492537,7.0,0.5652985074626866,0.5780070237050043,-1.0802238805970152,-579.0000000000001,-6.1716417910447765,"2.41,-6.17,-1.01,0.46",4,10,-10.288135593220339,15.486940298507463,11.87257462686567,-8.479085820895293,105.83067164179131
low<=20_close40-65_green,BOTH,90,536,49.13059701492537,7.0,0.5335820895522388,0.5458955223880597,-1.1082089552238805,-594.0,-6.358208955223881,"2.82,-6.36,-1.57,0.68",5,10,-10.966101694915254,15.486940298507463,11.87257462686567,-8.479085820895293,105.83067164179131
low<=20_close40-65_green,BOTH,99,536,49.13059701492537,7.0,0.48134328358208955,0.4962686567164179,-1.4776119402985075,-792.0,-6.5597014925373145,"2.22,-6.56,-4.26,2.69",4,10,-8.677966101694915,15.486940298507463,11.87257462686567,-8.479085820895293,105.83067164179131
low<=20_close40-65_green,YES,60,262,48.85114503816794,7.0,0.7862595419847328,0.8141857506361324,-1.6755725190839694,-439.0,-3.999999999999999,"-4.00,-1.28,2.23,-3.59",4,10,-7.218749999999999,15.668320610687024,12.227862595419849,-5.50419847328202,108.93774809160337
low<=20_close40-65_green,YES,70,262,48.85114503816794,7.0,0.7175572519083969,0.6978735005452563,1.3778625954198473,361.0,-1.123076923076923,"1.45,-1.12,4.23,0.95",6,10,-9.346153846153847,15.668320610687024,12.227862595419849,-5.50419847328202,108.93774809160337
low<=20_close40-65_green,YES,80,262,48.85114503816794,7.0,0.6259541984732825,0.6106393129770993,1.2251908396946565,321.0,-4.3538461538461535,"2.67,-4.35,4.38,2.17",7,10,-12.807692307692308,15.668320610687024,12.227862595419849,-5.50419847328202,108.93774809160337
low<=20_close40-65_green,YES,85,262,48.85114503816794,7.0,0.5916030534351145,0.5747193533902111,1.4351145038167938,376.0,-5.584615384615384,"3.35,-5.58,2.46,5.42",7,10,-13.76923076923077,15.668320610687024,12.227862595419849,-5.50419847328202,108.93774809160337
low<=20_close40-65_green,YES,90,262,48.85114503816794,7.0,0.5458015267175572,0.5427905004240883,0.27099236641221375,71.0,-5.892307692307693,"2.36,-5.89,1.31,3.23",6,10,-15.115384615384615,15.668320610687024,12.227862595419849,-5.50419847328202,108.93774809160337
low<=20_close40-65_green,YES,99,262,48.85114503816794,7.0,0.48854961832061067,0.49344590947644384,-0.4847328244274809,-127.0,-7.8307692307692305,"0.05,-7.83,1.72,4.05",4,10,-15.461538461538462,15.668320610687024,12.227862595419849,-5.50419847328202,108.93774809160337
low<=20_close40-65_green,NO,60,274,49.3978102189781,7.0,0.7591240875912408,0.8232968369829684,-3.8503649635036505,-1055.0000000000002,-10.01449275362319,"-1.20,-2.34,-1.79,-10.01",1,10,-14.68421052631579,15.313503649635035,11.532846715328468,-11.323686131386816,102.85967153284693
low<=20_close40-65_green,NO,70,274,49.3978102189781,7.0,0.6678832116788321,0.7056830031282586,-2.6459854014598547,-725.0000000000002,-5.323529411764707,"0.97,-1.60,-5.32,-4.65",4,10,-11.11111111111111,15.313503649635035,11.532846715328468,-11.323686131386816,102.85967153284693
low<=20_close40-65_green,NO,80,274,49.3978102189781,7.0,0.5875912408759124,0.6174726277372262,-2.39051094890511,-655.0000000000001,-6.205882352941178,"3.72,-1.75,-6.21,-5.38",4,10,-11.625,15.313503649635035,11.532846715328468,-11.323686131386816,102.85967153284693
low<=20_close40-65_green,NO,85,274,49.3978102189781,7.0,0.5401459854014599,0.5811507084585659,-3.4854014598540144,-955.0,-6.23529411764706,"0.97,-6.24,-4.81,-3.93",4,10,-9.4375,15.313503649635035,11.532846715328468,-11.323686131386816,102.85967153284693
low<=20_close40-65_green,NO,90,274,49.3978102189781,7.0,0.5218978102189781,0.5488645579886455,-2.427007299270073,-665.0,-6.308823529411765,"2.71,-6.31,-4.88,-1.32",4,10,-9.67857142857143,15.313503649635035,11.532846715328468,-11.323686131386816,102.85967153284693
low<=20_close40-65_green,NO,99,274,49.3978102189781,7.0,0.4744525547445255,0.4989677799896778,-2.4270072992700737,-665.0000000000002,-9.250000000000002,"3.75,-4.85,-9.25,0.51",3,10,-12.892857142857144,15.313503649635035,11.532846715328468,-11.323686131386816,102.85967153284693
low<=20_close45-65_green,BOTH,60,420,53.226190476190474,7.0,0.8428571428571429,0.8871031746031746,-2.654761904761905,-1115.0000000000002,-5.152380952380953,"-3.06,-1.85,-0.56,-5.15",1,10,-5.926829268292684,15.635476190476192,12.934999999999999,-6.071595238095082,109.25788095238134
low<=20_close45-65_green,BOTH,70,420,53.226190476190474,7.0,0.7476190476190476,0.7603741496598639,-0.8928571428571431,-375.0000000000001,-2.704761904761906,"0.66,-2.70,-1.80,0.28",5,10,-5.730769230769231,15.635476190476192,12.934999999999999,-6.071595238095082,109.25788095238134
low<=20_close45-65_green,BOTH,80,420,53.226190476190474,7.0,0.6619047619047619,0.665327380952381,-0.27380952380952395,-115.00000000000006,-3.942857142857144,"3.04,-3.94,-1.32,1.13",5,10,-6.6923076923076925,15.635476190476192,12.934999999999999,-6.071595238095082,109.25788095238134
low<=20_close45-65_green,BOTH,85,420,53.226190476190474,7.0,0.6142857142857143,0.6261904761904762,-1.011904761904762,-425.00000000000006,-8.990476190476192,"2.51,-8.99,-1.32,3.75",5,10,-11.98076923076923,15.635476190476192,12.934999999999999,-6.071595238095082,109.25788095238134
low<=20_close45-65_green,BOTH,90,420,53.226190476190474,7.0,0.580952380952381,0.5914021164021164,-0.9404761904761906,-395.00000000000006,-8.990476190476192,"3.23,-8.99,-1.70,3.70",5,10,-13.038461538461538,15.635476190476192,12.934999999999999,-6.071595238095082,109.25788095238134
low<=20_close45-65_green,BOTH,99,420,53.226190476190474,7.0,0.5238095238095238,0.5376382876382876,-1.369047619047619,-575.0,-9.333333333333334,"1.34,-9.33,-2.22,4.73",3,10,-10.961538461538462,15.635476190476192,12.934999999999999,-6.071595238095082,109.25788095238134
low<=20_close45-65_green,YES,60,207,52.65217391304348,7.0,0.8405797101449275,0.8775362318840579,-2.2173913043478257,-458.99999999999994,-5.115384615384614,"-5.12,-1.92,2.65,-4.38",4,10,-10.071428571428571,15.84975845410628,12.98937198067633,-3.306859903381451,111.8404347826092
low<=20_close45-65_green,YES,70,207,52.65217391304348,7.0,0.7584541062801933,0.7521739130434782,0.43961352657004843,91.00000000000003,-3.076923076923077,"0.08,-3.08,3.63,1.19",7,10,-13.0,15.84975845410628,12.98937198067633,-3.306859903381451,111.8404347826092
low<=20_close45-65_green,YES,80,207,52.65217391304348,7.0,0.6570048309178744,0.6581521739130435,-0.09178743961352658,-19.0,-3.8461538461538463,"-0.12,-3.85,2.25,1.38",6,10,-14.304347826086957,15.84975845410628,12.98937198067633,-3.306859903381451,111.8404347826092
low<=20_close45-65_green,YES,85,207,52.65217391304348,7.0,0.6183574879227053,0.6194373401534526,-0.09178743961352658,-19.0,-5.769230769230769,"-0.12,-5.77,0.69,4.85",7,10,-15.608695652173912,15.84975845410628,12.98937198067633,-3.306859903381451,111.8404347826092
low<=20_close45-65_green,YES,90,207,52.65217391304348,7.0,0.5700483091787439,0.585024154589372,-1.3478260869565217,-279.0,-6.538461538461538,"-0.50,-6.54,0.29,1.38",7,10,-17.347826086956523,15.84975845410628,12.98937198067633,-3.306859903381451,111.8404347826092
low<=20_close45-65_green,YES,99,207,52.65217391304348,7.0,0.4975845410628019,0.5318401405357926,-3.391304347826087,-702.0,-9.653846153846153,"-4.83,-9.65,-0.24,1.21",5,10,-18.130434782608695,15.84975845410628,12.98937198067633,-3.306859903381451,111.8404347826092
low<=20_close45-65_green,NO,60,213,53.78403755868545,7.0,0.8450704225352113,0.8964006259780908,-3.079812206572771,-656.0000000000002,-6.245283018867926,"-1.91,-0.34,-3.85,-6.25",1,10,-6.5,15.427230046948354,12.882159624413147,-8.758450704225229,106.74807511737119
low<=20_close45-65_green,NO,70,213,53.78403755868545,7.0,0.7370892018779343,0.7683433936955064,-2.1877934272300474,-466.0000000000001,-8.754716981132077,"0.31,0.60,-8.75,-0.96",5,10,-16.31578947368421,15.427230046948354,12.882159624413147,-8.758450704225229,106.74807511737119
low<=20_close45-65_green,NO,80,213,53.78403755868545,7.0,0.6666666666666666,0.6723004694835681,-0.4507042253521127,-96.0,-9.886792452830191,"5.13,0.79,-9.89,2.06",5,10,-15.263157894736842,15.427230046948354,12.882159624413147,-8.758450704225229,106.74807511737119
low<=20_close45-65_green,NO,85,213,53.78403755868545,7.0,0.6103286384976526,0.6327533830433583,-1.9061032863849765,-406.0,-8.754716981132077,"4.11,-7.04,-8.75,3.94",4,10,-12.894736842105264,15.427230046948354,12.882159624413147,-8.758450704225229,106.74807511737119
low<=20_close45-65_green,NO,90,213,53.78403755868545,7.0,0.5915492957746479,0.5976004173187272,-0.5446009389671368,-116.00000000000014,-7.811320754716983,"5.87,-7.70,-7.81,7.34",6,10,-10.526315789473685,15.427230046948354,12.882159624413147,-8.758450704225229,106.74807511737119
low<=20_close45-65_green,NO,99,213,53.78403755868545,7.0,0.5492957746478874,0.5432731066533883,0.5962441314553986,126.99999999999989,-6.9622641509433985,"6.37,-4.98,-6.96,7.85",5,10,-7.240000000000004,15.427230046948354,12.882159624413147,-8.758450704225229,106.74807511737119
low<=20_close50-70_green,BOTH,60,411,58.153284671532845,8.0,0.9172749391727494,0.969221411192214,-3.116788321167883,-1281.0,-3.766990291262136,"-2.42,-3.03,-3.25,-3.77",0,10,-5.363636363636363,15.427493917274937,14.62433090024331,-1.6658637469585802,114.72279805352846
low<=20_close50-70_green,BOTH,70,411,58.153284671532845,8.0,0.805352798053528,0.8307612095933263,-1.7785888077858878,-730.9999999999999,-7.274509803921569,"0.01,-1.96,-7.27,2.06",4,10,-7.909090909090909,15.427493917274937,14.62433090024331,-1.6658637469585802,114.72279805352846
low<=20_close50-70_green,BOTH,80,411,58.153284671532845,8.0,0.7274939172749392,0.7269160583941605,0.046228710462286965,18.999999999999943,-5.607843137254903,"2.05,-1.67,-5.61,5.36",6,10,-9.363636363636363,15.427493917274937,14.62433090024331,-1.6658637469585802,114.72279805352846
low<=20_close50-70_green,BOTH,85,411,58.153284671532845,8.0,0.6885644768856448,0.6841562902533276,0.3746958637469586,154.0,-6.37864077669903,"3.31,-6.38,-4.87,9.39",5,10,-14.0,15.427493917274937,14.62433090024331,-1.6658637469585802,114.72279805352846
low<=20_close50-70_green,BOTH,90,411,58.153284671532845,8.0,0.6472019464720195,0.646147607461476,0.0948905109489051,39.0,-7.689320388349516,"4.28,-7.69,-4.43,8.17",5,10,-14.636363636363637,15.427493917274937,14.62433090024331,-1.6658637469585802,114.72279805352846
low<=20_close50-70_green,BOTH,99,411,58.153284671532845,8.0,0.5790754257907542,0.5874069158740691,-0.8248175182481752,-339.0,-8.388349514563108,"1.83,-8.39,-4.96,8.17",4,10,-13.818181818181818,15.427493917274937,14.62433090024331,-1.6658637469585802,114.72279805352846
low<=20_close50-70_green,YES,60,200,58.215,8.0,0.925,0.9702500000000001,-2.715,-543.0,-5.3,"-3.98,-1.32,-0.26,-5.30",2,10,-8.333333333333336,15.666999999999998,15.214,1.9846500000000742,119.65745000000054
low<=20_close50-70_green,YES,70,200,58.215,8.0,0.825,0.8316428571428572,-0.465,-93.0,-3.26,"2.22,-0.32,-3.26,-0.50",5,10,-11.380952380952381,15.666999999999998,15.214,1.9846500000000742,119.65745000000054
low<=20_close50-70_green,YES,80,200,58.215,8.0,0.735,0.7276875,0.585,117.0,-1.7200000000000006,"2.82,-1.72,-0.26,1.50",5,10,-16.142857142857142,15.666999999999998,15.214,1.9846500000000742,119.65745000000054
low<=20_close50-70_green,YES,85,200,58.215,8.0,0.7,0.6848823529411765,1.285,257.0,-1.76,"3.22,-1.62,-1.76,5.30",6,10,-17.571428571428573,15.666999999999998,15.214,1.9846500000000742,119.65745000000054
low<=20_close50-70_green,YES,90,200,58.215,8.0,0.645,0.6468333333333334,-0.165,-33.0,-3.86,"3.22,-3.72,-3.86,3.70",6,10,-19.476190476190474,15.666999999999998,15.214,1.9846500000000742,119.65745000000054
low<=20_close50-70_green,YES,99,200,58.215,8.0,0.56,0.588030303030303,-2.775,-555.0,-8.22,"-0.56,-8.22,-4.40,2.08",3,10,-20.333333333333332,15.666999999999998,15.214,1.9846500000000742,119.65745000000054
low<=20_close50-70_green,NO,60,211,58.09478672985782,8.0,0.909952606635071,0.9682464454976304,-3.4976303317535558,-738.0000000000002,-5.471698113207549,"-0.94,-5.47,-4.54,-3.06",1,10,-8.285714285714283,15.20047393364929,14.065402843601897,-5.126066350710859,110.04540284360232
low<=20_close50-70_green,NO,70,211,58.09478672985782,8.0,0.7867298578199052,0.8299255247122547,-3.023696682464455,-638.0,-11.846153846153847,"-2.08,-1.89,-11.85,3.55",5,10,-15.6,15.20047393364929,14.065402843601897,-5.126066350710859,110.04540284360232
low<=20_close50-70_green,NO,80,211,58.09478672985782,8.0,0.7203791469194313,0.7261848341232228,-0.46445497630331806,-98.00000000000011,-11.461538461538462,"1.32,0.19,-11.46,7.89",6,10,-13.6,15.20047393364929,14.065402843601897,-5.126066350710859,110.04540284360232
low<=20_close50-70_green,NO,85,211,58.09478672985782,8.0,0.6777251184834123,0.6834680791747979,-0.48815165876777306,-103.00000000000011,-10.211538461538462,"3.40,-7.36,-10.21,12.04",6,10,-11.794117647058824,15.20047393364929,14.065402843601897,-5.126066350710859,110.04540284360232
low<=20_close50-70_green,NO,90,211,58.09478672985782,8.0,0.6492890995260664,0.6454976303317536,0.34123222748815113,71.99999999999989,-9.153846153846155,"5.28,-7.74,-9.15,12.79",7,10,-11.647058823529411,15.20047393364929,14.065402843601897,-5.126066350710859,110.04540284360232
low<=20_close50-70_green,NO,99,211,58.09478672985782,8.0,0.5971563981042654,0.5868160275743215,1.0236966824644549,215.99999999999997,-10.01923076923077,"4.09,-4.51,-10.02,14.32",6,10,-9.794117647058824,15.20047393364929,14.065402843601897,-5.126066350710859,110.04540284360232
low<=20_close55-75_green,BOTH,60,374,63.31550802139037,8.0,0.9732620320855615,1.0552584670231728,-4.919786096256685,-1840.0,-6.691489361702128,"-4.46,-4.24,-4.28,-6.69",0,10,-7.838709677419353,15.40561497326203,15.660962566844919,3.4591978609626004,117.59700534759402
low<=20_close55-75_green,BOTH,70,374,63.31550802139037,8.0,0.8609625668449198,0.9045072574484339,-3.04812834224599,-1140.0000000000002,-8.795698924731184,"0.01,-3.38,-8.80,-0.10",3,10,-10.872340425531917,15.40561497326203,15.660962566844919,3.4591978609626004,117.59700534759402
low<=20_close55-75_green,BOTH,80,374,63.31550802139037,8.0,0.7727272727272727,0.7914438502673796,-1.4973262032085568,-560.0000000000002,-5.956989247311829,"2.99,-5.96,-4.49,1.39",4,10,-11.25531914893617,15.40561497326203,15.660962566844919,3.4591978609626004,117.59700534759402
low<=20_close55-75_green,BOTH,85,374,63.31550802139037,8.0,0.7433155080213903,0.7448883296634161,-0.13368983957219296,-50.00000000000017,-7.838709677419356,"3.47,-7.84,-1.75,5.49",6,10,-15.191489361702128,15.40561497326203,15.660962566844919,3.4591978609626004,117.59700534759402
low<=20_close55-75_green,BOTH,90,374,63.31550802139037,8.0,0.7058823529411765,0.7035056446821153,0.21390374331550802,80.0,-7.462365591397851,"4.48,-7.46,-1.05,4.80",7,10,-16.148936170212767,15.40561497326203,15.660962566844919,3.4591978609626004,117.59700534759402
low<=20_close55-75_green,BOTH,99,374,63.31550802139037,8.0,0.6310160427807486,0.6395505860746502,-0.8449197860962567,-316.0,-7.17204301075269,"1.70,-7.17,-2.31,4.32",4,10,-13.46808510638298,15.40561497326203,15.660962566844919,3.4591978609626004,117.59700534759402
low<=20_close55-75_green,YES,60,188,63.670212765957444,8.0,0.973404255319149,1.0611702127659575,-5.26595744680851,-990.0,-6.404255319148936,"-4.85,-4.89,-4.91,-6.40",0,10,-7.944444444444443,15.645212765957448,15.90159574468085,5.4796808510639865,122.9940957446815
low<=20_close55-75_green,YES,70,188,63.670212765957444,8.0,0.8723404255319149,0.9095744680851063,-2.606382978723404,-490.0,-7.042553191489362,"3.23,-5.32,-7.04,-1.30",5,10,-15.631578947368421,15.645212765957448,15.90159574468085,5.4796808510639865,122.9940957446815
low<=20_close55-75_green,YES,80,188,63.670212765957444,8.0,0.776595744680851,0.7958776595744681,-1.5425531914893618,-290.0,-10.425531914893618,"4.09,-10.43,-2.36,2.53",5,10,-21.42105263157895,15.645212765957448,15.90159574468085,5.4796808510639865,122.9940957446815
low<=20_close55-75_green,YES,85,188,63.670212765957444,8.0,0.7553191489361702,0.7490613266583229,0.5319148936170213,100.0,-8.829787234042554,"4.62,-8.83,-0.34,6.68",7,10,-23.263157894736842,15.645212765957448,15.90159574468085,5.4796808510639865,122.9940957446815
low<=20_close55-75_green,YES,90,188,63.670212765957444,8.0,0.7074468085106383,0.7074468085106382,1.5117930548087238e-16,2.842170943040401e-14,-9.361702127659576,"4.72,-9.36,-2.36,7.00",7,10,-25.63157894736842,15.645212765957448,15.90159574468085,5.4796808510639865,122.9940957446815
low<=20_close55-75_green,YES,99,188,63.670212765957444,8.0,0.6223404255319149,0.6431334622823984,-2.0585106382978724,-387.0,-12.23404255319149,"0.89,-12.23,-2.55,5.66",5,10,-21.842105263157894,15.645212765957448,15.90159574468085,5.4796808510639865,122.9940957446815
low<=20_close55-75_green,NO,60,186,62.956989247311824,8.0,0.9731182795698925,1.0492831541218637,-4.569892473118282,-850.0000000000003,-6.723404255319149,"-4.34,-3.98,-3.20,-6.72",0,10,-8.650000000000002,15.163440860215054,15.417741935483873,1.4169892473117371,112.14188172043033
low<=20_close55-75_green,NO,70,186,62.956989247311824,8.0,0.8494623655913979,0.8993855606758832,-3.49462365591398,-650.0000000000002,-8.630434782608699,"-3.49,-1.80,-8.63,-0.13",2,10,-11.500000000000002,15.163440860215054,15.417741935483873,1.4169892473117371,112.14188172043033
low<=20_close55-75_green,NO,80,186,62.956989247311824,8.0,0.7688172043010753,0.7869623655913978,-1.4516129032258076,-270.0000000000002,-6.239130434782612,"1.62,-3.54,-6.24,2.21",4,10,-9.000000000000002,15.163440860215054,15.417741935483873,1.4169892473117371,112.14188172043033
low<=20_close55-75_green,NO,85,186,62.956989247311824,8.0,0.7311827956989247,0.7406704617330803,-0.8064516129032269,-150.0000000000002,-10.934782608695654,"3.85,-10.93,-2.76,6.36",6,10,-13.04347826086957,15.163440860215054,15.417741935483873,1.4169892473117371,112.14188172043033
low<=20_close55-75_green,NO,90,186,62.956989247311824,8.0,0.7043010752688172,0.6995221027479092,0.4301075268817195,79.99999999999983,-9.847826086956525,"5.87,-9.85,-1.24,6.68",5,10,-10.21739130434783,15.163440860215054,15.417741935483873,1.4169892473117371,112.14188172043033
low<=20_close55-75_green,NO,99,186,62.956989247311824,8.0,0.6397849462365591,0.6359291843162811,0.38172043010752627,70.99999999999989,-6.717391304347829,"4.34,-6.72,-1.63,5.34",6,10,-9.434782608695656,15.163440860215054,15.417741935483873,1.4169892473117371,112.14188172043033
low<=25_close40-65_green,BOTH,60,1001,49.83516483516483,7.0,0.7772227772227772,0.8305860805860805,-3.201798201798202,-3205.0,-5.020000000000001,"-3.66,-1.52,-2.60,-5.02",0,10,-7.57,18.97102897102897,12.025674325674327,-6.119520479520363,93.70089910089925
low<=25_close40-65_green,BOTH,70,1001,49.83516483516483,7.0,0.7022977022977023,0.7119309262166404,-0.6743256743256746,-675.0000000000002,-1.1800000000000004,"-0.11,-0.72,-0.68,-1.18",3,10,-4.07,18.97102897102897,12.025674325674327,-6.119520479520363,93.70089910089925
low<=25_close40-65_green,BOTH,80,1001,49.83516483516483,7.0,0.6243756243756243,0.6229395604395604,0.11488511488511471,114.99999999999983,-1.3640000000000005,"1.60,-1.36,0.52,-0.30",6,10,-5.57,18.97102897102897,12.025674325674327,-6.119520479520363,93.70089910089925
low<=25_close40-65_green,BOTH,85,1001,49.83516483516483,7.0,0.5914085914085914,0.5862960568842921,0.4345654345654343,434.9999999999997,-2.4040000000000004,"1.44,-2.40,1.26,1.44",5,10,-3.67,18.97102897102897,12.025674325674327,-6.119520479520363,93.70089910089925
low<=25_close40-65_green,BOTH,90,1001,49.83516483516483,7.0,0.5564435564435565,0.5537240537240536,0.24475524475524452,244.99999999999977,-1.7640000000000005,"0.88,-1.76,0.64,1.22",5,10,-4.57,18.97102897102897,12.025674325674327,-6.119520479520363,93.70089910089925
low<=25_close40-65_green,BOTH,99,1001,49.83516483516483,7.0,0.5024975024975025,0.5033855033855034,-0.08791208791208803,-88.00000000000011,-2.0880000000000005,"1.24,-2.09,-1.09,1.58",3,10,-3.369369369369371,18.97102897102897,12.025674325674327,-6.119520479520363,93.70089910089925
low<=25_close40-65_green,YES,60,514,49.900778210116734,7.0,0.7898832684824902,0.8316796368352789,-2.507782101167315,-1289.0,-4.255813953488372,"-4.26,-1.03,-1.28,-3.44",1,10,-5.9056603773584895,19.28035019455253,12.53249027237354,-3.002315175097125,95.05048638132315
low<=25_close40-65_green,YES,70,514,49.900778210116734,7.0,0.7140077821011673,0.7128682601445248,0.07976653696498054,41.0,-1.0387596899224807,"-0.46,-0.56,2.39,-1.04",5,10,-4.264705882352942,19.28035019455253,12.53249027237354,-3.002315175097125,95.05048638132315
low<=25_close40-65_green,YES,80,514,49.900778210116734,7.0,0.6342412451361867,0.6237597276264591,0.8385214007782101,431.0,-2.28125,"0.40,-2.28,4.81,0.43",5,10,-4.372549019607843,19.28035019455253,12.53249027237354,-3.002315175097125,95.05048638132315
low<=25_close40-65_green,YES,85,514,49.900778210116734,7.0,0.603112840466926,0.5870679789425498,1.3638132295719845,701.0,-1.96875,"0.90,-1.97,4.89,1.64",6,10,-3.0980392156862746,19.28035019455253,12.53249027237354,-3.002315175097125,95.05048638132315
low<=25_close40-65_green,YES,90,514,49.900778210116734,7.0,0.5642023346303502,0.5544530912235193,0.877431906614786,451.0,-1.265625,"-1.00,-1.27,3.88,1.91",7,10,-3.784313725490196,19.28035019455253,12.53249027237354,-3.002315175097125,95.05048638132315
low<=25_close40-65_green,YES,99,514,49.900778210116734,7.0,0.5155642023346303,0.5040482647486538,1.140077821011673,586.0,-1.828125,"-0.72,-1.83,3.80,3.30",7,10,-6.358490566037735,19.28035019455253,12.53249027237354,-3.002315175097125,95.05048638132315
low<=25_close40-65_green,NO,60,487,49.765913757700204,7.0,0.7638603696098563,0.8294318959616701,-3.9342915811088304,-1916.0000000000005,-7.59016393442623,"-3.02,-2.02,-3.10,-7.59",0,10,-11.0625,18.644558521560572,11.490759753593428,-9.409548254620043,92.27648870636563
low<=25_close40-65_green,NO,70,487,49.765913757700204,7.0,0.6899383983572895,0.7109416251100029,-1.4702258726899389,-716.0000000000002,-2.918032786885247,"0.25,-0.87,-2.36,-2.92",4,10,-9.396226415094342,18.644558521560572,11.490759753593428,-9.409548254620043,92.27648870636563
low<=25_close40-65_green,NO,80,487,49.765913757700204,7.0,0.6139630390143738,0.6220739219712526,-0.6488706365503085,-316.0000000000002,-2.933884297520663,"2.88,-0.38,-2.93,-2.18",5,10,-10.645833333333334,18.644558521560572,11.490759753593428,-9.409548254620043,92.27648870636563
low<=25_close40-65_green,NO,85,487,49.765913757700204,7.0,0.5790554414784395,0.5854813383258848,-0.5462012320328548,-266.0000000000003,-2.836065573770493,"2.02,-2.84,-1.45,0.07",4,10,-8.354166666666666,18.644558521560572,11.490759753593428,-9.409548254620043,92.27648870636563
low<=25_close40-65_green,NO,90,487,49.765913757700204,7.0,0.5482546201232033,0.5529545973077801,-0.42299794661191,-206.00000000000017,-2.355371900826448,"2.88,-2.26,-2.36,0.03",5,10,-9.8125,18.644558521560572,11.490759753593428,-9.409548254620043,92.27648870636563
low<=25_close40-65_green,NO,99,487,49.765913757700204,7.0,0.4887063655030801,0.5026859975525273,-1.3839835728952772,-674.0,-5.851239669421489,"3.32,-2.34,-5.85,-0.70",4,10,-7.980392156862746,18.644558521560572,11.490759753593428,-9.409548254620043,92.27648870636563
low<=25_close45-65_green,BOTH,60,809,53.44004944375772,7.0,0.8430160692212608,0.8906674907292954,-2.8590852904820774,-2313.0000000000005,-5.118226600985222,"-5.12,-1.35,-1.68,-3.27",0,10,-7.031578947368421,19.182818294190355,13.073794808405438,-3.4215327564894173,96.5891718170583
low<=25_close45-65_green,BOTH,70,809,53.44004944375772,7.0,0.761433868974042,0.7634292777679674,-0.1396786155747839,-113.00000000000017,-1.6206896551724144,"-1.62,0.03,0.05,0.99",5,10,-3.7407407407407414,19.182818294190355,13.073794808405438,-3.4215327564894173,96.5891718170583
low<=25_close45-65_green,BOTH,80,809,53.44004944375772,7.0,0.681087762669963,0.6680006180469715,1.0469715698393076,846.9999999999999,-0.6584158415841594,"0.60,-0.66,1.39,2.87",5,10,-4.068493150684931,19.182818294190355,13.073794808405438,-3.4215327564894173,96.5891718170583
low<=25_close45-65_green,BOTH,85,809,53.44004944375772,7.0,0.6452410383189122,0.6287064640442085,1.4054388133498146,1137.0,-2.4158415841584167,"0.60,-2.42,2.30,5.14",4,10,-3.958333333333334,19.182818294190355,13.073794808405438,-3.4215327564894173,96.5891718170583
low<=25_close45-65_green,BOTH,90,809,53.44004944375772,7.0,0.6093943139678616,0.5937783271528636,1.4054388133498146,1137.0,-2.5396039603960405,"0.20,-2.54,3.37,4.60",6,10,-4.791666666666667,19.182818294190355,13.073794808405438,-3.4215327564894173,96.5891718170583
low<=25_close45-65_green,BOTH,99,809,53.44004944375772,7.0,0.5500618046971569,0.539798479229876,1.0160692212608158,822.0,-3.3415841584158428,"0.65,-3.34,2.21,4.55",6,10,-5.38372093023256,19.182818294190355,13.073794808405438,-3.4215327564894173,96.5891718170583
low<=25_close45-65_green,YES,60,426,53.13145539906103,7.0,0.8403755868544601,0.8855242566510172,-2.708920187793427,-1154.0,-5.91588785046729,"-5.92,-0.78,-0.60,-3.50",1,10,-9.106382978723403,19.570187793427234,13.466666666666665,-0.5295774647886948,96.82403755868572
low<=25_close45-65_green,YES,70,426,53.13145539906103,7.0,0.7582159624413145,0.7590207914151575,-0.056338028169014086,-24.0,-2.08411214953271,"-2.08,-0.03,2.23,-0.32",5,10,-6.282608695652174,19.570187793427234,13.466666666666665,-0.5295774647886948,96.82403755868572
low<=25_close45-65_green,YES,80,426,53.13145539906103,7.0,0.6713615023474179,0.6641431924882629,0.5774647887323944,246.0,-0.8691588785046727,"-0.87,-0.78,3.36,0.62",7,10,-6.5,19.570187793427234,13.466666666666665,-0.5295774647886948,96.82403755868572
low<=25_close45-65_green,YES,85,426,53.13145539906103,7.0,0.6384976525821596,0.6250759458713062,1.1408450704225352,486.0,-0.8224299065420558,"-0.82,0.07,2.89,2.44",6,10,-5.413043478260869,19.570187793427234,13.466666666666665,-0.5295774647886948,96.82403755868572
low<=25_close45-65_green,YES,90,426,53.13145539906103,7.0,0.596244131455399,0.5903495044340115,0.5305164319248826,226.0,-1.9906542056074763,"-1.99,-0.22,2.79,1.55",6,10,-6.5,19.570187793427234,13.466666666666665,-0.5295774647886948,96.82403755868572
low<=25_close45-65_green,YES,99,426,53.13145539906103,7.0,0.539906103286385,0.5366813676672831,0.3192488262910798,136.0,-1.570093457943925,"-1.57,-1.49,1.86,2.48",7,10,-9.553191489361701,19.570187793427234,13.466666666666665,-0.5295774647886948,96.82403755868572
low<=25_close45-65_green,NO,60,383,53.78328981723238,7.0,0.8459530026109661,0.8963881636205396,-3.0261096605744138,-1159.0000000000005,-4.229166666666669,"-4.23,-1.47,-3.39,-3.02",1,10,-6.150000000000001,18.75195822454308,12.63681462140992,-6.638172323759672,96.32793733681476
low<=25_close45-65_green,NO,70,383,53.78328981723238,7.0,0.7650130548302873,0.7683327116747483,-0.23237597911227265,-89.00000000000043,-2.33684210526316,"-1.10,0.72,-2.34,1.77",5,10,-10.400000000000002,18.75195822454308,12.63681462140992,-6.638172323759672,96.32793733681476
low<=25_close45-65_green,NO,80,383,53.78328981723238,7.0,0.6919060052219321,0.6722911227154047,1.5691906005221927,600.9999999999998,-0.863157894736844,"2.23,0.20,-0.86,4.69",6,10,-6.150000000000001,18.75195822454308,12.63681462140992,-6.638172323759672,96.32793733681476
low<=25_close45-65_green,NO,85,383,53.78328981723238,7.0,0.6527415143603134,0.6327445860850868,1.6997389033942556,650.9999999999999,-4.385416666666669,"2.18,-4.39,1.56,7.45",5,10,-4.000000000000002,18.75195822454308,12.63681462140992,-6.638172323759672,96.32793733681476
low<=25_close45-65_green,NO,90,383,53.78328981723238,7.0,0.6240208877284595,0.5975921090803598,2.3785900783289815,911.0,-4.281250000000002,"2.65,-4.28,2.93,8.23",6,10,-3.220000000000001,18.75195822454308,12.63681462140992,-6.638172323759672,96.32793733681476
low<=25_close45-65_green,NO,99,383,53.78328981723238,7.0,0.5613577023498695,0.543265553709418,1.7911227154046994,685.9999999999999,-4.468750000000002,"3.11,-4.47,2.36,6.17",7,10,-4.727272727272729,18.75195822454308,12.63681462140992,-6.638172323759672,96.32793733681476
low<=25_close50-70_green,BOTH,60,789,57.946768060836504,7.0,0.9074778200253485,0.9657794676806084,-3.49809885931559,-2760.0000000000005,-4.401015228426397,"-3.85,-4.40,-2.04,-3.70",0,10,-7.055555555555555,19.06679340937896,14.795437262357416,0.6588846641319146,101.13534854245904
low<=25_close50-70_green,BOTH,70,789,57.946768060836504,7.0,0.8136882129277566,0.8278109722976643,-0.9885931558935364,-780.0000000000002,-2.624365482233504,"-0.57,-2.62,-1.22,0.46",5,10,-4.766233766233767,19.06679340937896,14.795437262357416,0.6588846641319146,101.13534854245904
low<=25_close50-70_green,BOTH,80,789,57.946768060836504,7.0,0.7287705956907478,0.7243346007604563,0.35487959442332045,279.99999999999983,-3.6903553299492398,"1.50,-3.69,1.62,1.98",5,10,-5.16,19.06679340937896,14.795437262357416,0.6588846641319146,101.13534854245904
low<=25_close50-70_green,BOTH,85,789,57.946768060836504,7.0,0.6983523447401775,0.6817266830686648,1.4131812420785805,1115.0,-4.1979695431472095,"1.32,-4.20,3.19,5.34",5,10,-6.11,19.06679340937896,14.795437262357416,0.6588846641319146,101.13534854245904
low<=25_close50-70_green,BOTH,90,789,57.946768060836504,7.0,0.6603295310519645,0.6438529784537389,1.4828897338403042,1170.0,-3.7918781725888335,"2.06,-3.79,3.14,4.52",7,10,-6.66,19.06679340937896,14.795437262357416,0.6588846641319146,101.13534854245904
low<=25_close50-70_green,BOTH,99,789,57.946768060836504,7.0,0.596958174904943,0.585320889503399,1.1520912547528517,909.0,-4.934010152284265,"2.51,-4.93,2.23,4.80",6,10,-5.49,19.06679340937896,14.795437262357416,0.6588846641319146,101.13534854245904
low<=25_close50-70_green,YES,60,406,58.056650246305416,7.0,0.9113300492610837,0.9676108374384236,-3.376847290640394,-1371.0,-4.980392156862744,"-4.98,-2.68,-0.96,-4.85",0,10,-8.361702127659573,19.47142857142857,15.519211822660097,4.1332512315271615,101.91972906403966
low<=25_close50-70_green,YES,70,406,58.056650246305416,7.0,0.8177339901477833,0.8293807178043631,-0.815270935960591,-330.99999999999994,-1.7920792079207921,"-0.27,-1.79,-0.47,-0.74",4,10,-3.3863636363636362,19.47142857142857,15.519211822660097,4.1332512315271615,101.91972906403966
low<=25_close50-70_green,YES,80,406,58.056650246305416,7.0,0.729064039408867,0.7257081280788177,0.2684729064039409,109.0,-2.4851485148514856,"0.90,-2.49,1.42,1.23",5,10,-5.127659574468085,19.47142857142857,15.519211822660097,4.1332512315271615,101.91972906403966
low<=25_close50-70_green,YES,85,406,58.056650246305416,7.0,0.6995073891625616,0.6830194146624167,1.4014778325123152,569.0,-1.5445544554455448,"1.25,-1.54,1.76,4.12",6,10,-3.3863636363636362,19.47142857142857,15.519211822660097,4.1332512315271615,101.91972906403966
low<=25_close50-70_green,YES,90,406,58.056650246305416,7.0,0.6576354679802956,0.6450738916256158,1.1305418719211822,459.0,-0.9009900990099012,"1.20,-0.90,0.82,3.38",6,10,-5.666666666666667,19.47142857142857,15.519211822660097,4.1332512315271615,101.91972906403966
low<=25_close50-70_green,YES,99,406,58.056650246305416,7.0,0.5960591133004927,0.5864308105687416,0.9532019704433498,387.0,-4.01980198019802,"2.25,-4.02,0.82,4.71",6,10,-7.380952380952381,19.47142857142857,15.519211822660097,4.1332512315271615,101.91972906403966
low<=25_close50-70_green,NO,60,383,57.83028720626632,7.0,0.9033942558746736,0.9638381201044387,-3.626631853785902,-1389.0000000000005,-4.593750000000002,"-3.26,-4.59,-4.51,-2.16",0,10,-7.634146341463416,18.637859007832898,14.028198433420366,-3.0241253263706187,100.30386422976521
low<=25_close50-70_green,NO,70,383,57.83028720626632,7.0,0.8093994778067886,0.8261469600895188,-1.1723237597911236,-449.00000000000034,-2.926315789473686,"-1.59,-2.30,-2.93,2.11",4,10,-11.29268292682927,18.637859007832898,14.028198433420366,-3.0241253263706187,100.30386422976521
low<=25_close50-70_green,NO,80,383,57.83028720626632,7.0,0.7284595300261096,0.722878590078329,0.44647519582245354,170.99999999999972,-3.5520833333333353,"1.32,-3.55,0.76,3.26",7,10,-6.658536585365855,18.637859007832898,14.028198433420366,-3.0241253263706187,100.30386422976521
low<=25_close50-70_green,NO,85,383,57.83028720626632,7.0,0.6971279373368147,0.6803563200737214,1.4255874673629236,545.9999999999998,-6.364583333333336,"1.43,-6.36,3.55,7.11",6,10,-8.250000000000002,18.637859007832898,14.028198433420366,-3.0241253263706187,100.30386422976521
low<=25_close50-70_green,NO,90,383,57.83028720626632,7.0,0.6631853785900783,0.6425587467362924,1.8563968668407311,711.0,-6.156250000000003,"2.99,-6.16,4.34,6.28",7,10,-8.517857142857144,18.637859007832898,14.028198433420366,-3.0241253263706187,100.30386422976521
low<=25_close50-70_green,NO,99,383,57.83028720626632,7.0,0.597911227154047,0.5841443152148114,1.3629242819843337,521.9999999999998,-6.156250000000003,"2.80,-6.16,4.34,4.50",7,10,-7.071428571428572,18.637859007832898,14.028198433420366,-3.0241253263706187,100.30386422976521
low<=25_close55-75_green,BOTH,60,727,63.16093535075653,8.0,0.9601100412654745,1.052682255845942,-5.554332874828061,-4038.0000000000005,-6.527472527472527,"-5.65,-5.04,-4.99,-6.53",0,10,-7.160000000000001,19.109628610729025,16.378541953232464,6.842200825309609,103.20661623108684
low<=25_close55-75_green,BOTH,70,727,63.16093535075653,8.0,0.8707015130674003,0.902299076439379,-2.211829436038515,-1608.0000000000005,-4.878453038674034,"-0.76,-2.35,-4.88,-0.87",2,10,-6.416666666666668,19.109628610729025,16.378541953232464,6.842200825309609,103.20661623108684
low<=25_close55-75_green,BOTH,80,727,63.16093535075653,8.0,0.7730398899587345,0.7895116918844567,-1.3177441540577723,-958.0000000000006,-4.274725274725276,"1.49,-4.27,-2.67,0.18",5,10,-6.8030303030303045,19.109628610729025,16.378541953232464,6.842200825309609,103.20661623108684
low<=25_close55-75_green,BOTH,85,727,63.16093535075653,8.0,0.7441540577716643,0.7430698276559592,0.09215955983493763,66.99999999999966,-4.824175824175826,"1.30,-4.82,0.20,3.69",6,10,-7.54320987654321,19.109628610729025,16.378541953232464,6.842200825309609,103.20661623108684
low<=25_close55-75_green,BOTH,90,727,63.16093535075653,8.0,0.7097661623108665,0.7017881705639615,0.7180192572214574,521.9999999999995,-2.9010989010989023,"2.59,-2.90,0.48,2.70",6,10,-6.493827160493828,19.109628610729025,16.378541953232464,6.842200825309609,103.20661623108684
low<=25_close55-75_green,BOTH,99,727,63.16093535075653,8.0,0.6396148555708391,0.6379892459672377,0.16093535075653354,116.99999999999989,-3.445054945054946,"2.59,-3.45,-0.76,2.26",3,10,-5.716049382716049,19.109628610729025,16.378541953232464,6.842200825309609,103.20661623108684
low<=25_close55-75_green,YES,60,382,63.14397905759162,7.5,0.9607329842931938,1.0523996509598603,-5.5,-2101.0,-7.052083333333333,"-5.32,-4.77,-4.84,-7.05",0,10,-8.434782608695652,19.46151832460733,16.653141361256544,8.558821989528914,105.00549738219931
low<=25_close55-75_green,YES,70,382,63.14397905759162,7.5,0.8743455497382199,0.9020568436798803,-1.9397905759162304,-741.0,-4.631578947368421,"1.24,-2.35,-4.63,-2.05",2,10,-5.375000000000001,19.46151832460733,16.653141361256544,8.558821989528914,105.00549738219931
low<=25_close55-75_green,YES,80,382,63.14397905759162,7.5,0.774869109947644,0.7892997382198953,-1.1544502617801047,-441.0,-5.4,"2.80,-5.40,-2.11,0.03",3,10,-7.78125,19.46151832460733,16.653141361256544,8.558821989528914,105.00549738219931
low<=25_close55-75_green,YES,85,382,63.14397905759162,7.5,0.7486910994764397,0.7428703418540191,0.49476439790575916,189.0,-4.4526315789473685,"3.32,-4.45,-0.05,3.10",6,10,-7.0,19.46151832460733,16.653141361256544,8.558821989528914,105.00549738219931
low<=25_close55-75_green,YES,90,382,63.14397905759162,7.5,0.7094240837696335,0.7015997673065736,0.7041884816753927,269.0,-3.8210526315789473,"4.36,-3.82,-1.05,3.26",5,10,-4.1891891891891895,19.46151832460733,16.653141361256544,8.558821989528914,105.00549738219931
low<=25_close55-75_green,YES,99,382,63.14397905759162,7.5,0.6465968586387435,0.6378179702787032,0.8691099476439791,332.0,-5.147368421052631,"4.83,-5.15,-1.05,4.76",4,10,-7.09375,19.46151832460733,16.653141361256544,8.558821989528914,105.00549738219931
low<=25_close55-75_green,NO,60,345,63.17971014492753,8.0,0.9594202898550724,1.0529951690821255,-5.61449275362319,-1937.0000000000005,-6.27906976744186,"-5.76,-5.13,-5.29,-6.28",0,10,-7.647058823529415,18.72,16.07449275362319,4.941478260869685,101.2148115942029
low<=25_close55-75_green,NO,70,345,63.17971014492753,8.0,0.8666666666666667,0.9025672877846791,-2.5130434782608715,-867.0000000000007,-5.406976744186049,"-2.66,-2.10,-5.41,0.12",3,10,-8.82352941176471,18.72,16.07449275362319,4.941478260869685,101.2148115942029
low<=25_close55-75_green,NO,80,345,63.17971014492753,8.0,0.7710144927536232,0.7897463768115942,-1.4985507246376821,-517.0000000000003,-4.593023255813956,"0.45,-2.80,-4.59,0.93",4,10,-6.789473684210529,18.72,16.07449275362319,4.941478260869685,101.2148115942029
low<=25_close55-75_green,NO,85,345,63.17971014492753,8.0,0.7391304347826086,0.7432907075873827,-0.35362318840579743,-122.00000000000011,-6.000000000000003,"0.51,-6.00,-0.93,5.00",6,10,-9.692307692307695,18.72,16.07449275362319,4.941478260869685,101.2148115942029
low<=25_close55-75_green,NO,90,345,63.17971014492753,8.0,0.7101449275362319,0.7019967793880837,0.7333333333333332,252.99999999999994,-3.7325581395348864,"2.17,-3.73,0.64,3.84",7,10,-8.431818181818182,18.72,16.07449275362319,4.941478260869685,101.2148115942029
low<=25_close55-75_green,NO,99,345,63.17971014492753,8.0,0.6318840579710145,0.6381788903528034,-0.623188405797102,-215.0000000000002,-2.4767441860465143,"0.72,-2.48,-2.19,1.43",5,10,-9.659090909090908,18.72,16.07449275362319,4.941478260869685,101.2148115942029
low<=30_close40-65_green,BOTH,60,1540,50.38376623376623,7.0,0.7863636363636364,0.8397294372294372,-3.201948051948052,-4931.0,-4.961038961038962,"-3.26,-1.40,-3.18,-4.96",0,10,-7.6,22.0474025974026,11.909545454545453,-5.069766233766113,85.77314935064945
low<=30_close40-65_green,BOTH,70,1540,50.38376623376623,7.0,0.701948051948052,0.7197680890538033,-1.2474025974025975,-1921.0,-2.064935064935066,"-1.39,0.42,-2.06,-1.95",2,10,-6.5375,22.0474025974026,11.909545454545453,-5.069766233766113,85.77314935064945
low<=30_close40-65_green,BOTH,80,1540,50.38376623376623,7.0,0.6162337662337662,0.6297970779220778,-1.085064935064935,-1671.0,-1.6545454545454552,"-1.65,-1.04,-1.62,-0.03",4,10,-6.225,22.0474025974026,11.909545454545453,-5.069766233766113,85.77314935064945
low<=30_close40-65_green,BOTH,85,1540,50.38376623376623,7.0,0.5837662337662337,0.5927501909854851,-0.7636363636363637,-1176.0,-1.4779220779220783,"-1.25,-1.48,-1.01,0.69",4,10,-6.1,22.0474025974026,11.909545454545453,-5.069766233766113,85.77314935064945
low<=30_close40-65_green,BOTH,90,1540,50.38376623376623,7.0,0.5571428571428572,0.5598196248196248,-0.240909090909091,-371.0000000000001,-0.9272727272727279,"-0.93,-0.46,-0.92,1.35",5,10,-6.2875,22.0474025974026,11.909545454545453,-5.069766233766113,85.77314935064945
low<=30_close40-65_green,BOTH,99,1540,50.38376623376623,7.0,0.5058441558441559,0.5089269316542043,-0.30519480519480524,-470.0000000000001,-1.371428571428572,"-1.37,-0.35,-0.88,1.37",5,10,-5.55625,22.0474025974026,11.909545454545453,-5.069766233766113,85.77314935064945
low<=30_close40-65_green,YES,60,817,50.4577723378213,7.0,0.7968176254589964,0.8409628722970216,-2.648714810281518,-2164.0,-3.765853658536585,"-3.77,-0.59,-2.50,-3.74",1,10,-5.966292134831461,22.50073439412485,12.27747858017136,-3.0821419828639507,86.13620563035508
low<=30_close40-65_green,YES,70,817,50.4577723378213,7.0,0.7099143206854345,0.7208253191117328,-0.7637698898408812,-624.0,-2.0686274509803924,"-0.79,0.88,-1.08,-2.07",4,10,-7.408163265306122,22.50073439412485,12.27747858017136,-3.0821419828639507,86.13620563035508
low<=30_close40-65_green,YES,80,817,50.4577723378213,7.0,0.6254589963280294,0.6307221542227662,-0.42105263157894735,-344.0,-2.3024390243902437,"-2.30,-0.78,1.23,0.19",4,10,-4.876543209876543,22.50073439412485,12.27747858017136,-3.0821419828639507,86.13620563035508
low<=30_close40-65_green,YES,85,817,50.4577723378213,7.0,0.5936352509179926,0.5936208510331917,0.0012239902080783353,1.0,-1.3756097560975609,"-1.38,-0.17,1.10,0.46",4,10,-5.163265306122449,22.50073439412485,12.27747858017136,-3.0821419828639507,86.13620563035508
low<=30_close40-65_green,YES,90,817,50.4577723378213,7.0,0.565483476132191,0.5606419148646811,0.4357405140758874,356.0,-1.5707317073170732,"-1.57,1.03,1.03,1.26",5,10,-3.791208791208791,22.50073439412485,12.27747858017136,-3.0821419828639507,86.13620563035508
low<=30_close40-65_green,YES,99,817,50.4577723378213,7.0,0.5201958384332925,0.509674468058801,1.0416156670746635,851.0,-0.5609756097560976,"-0.56,-0.12,2.26,2.59",6,10,-6.0740740740740735,22.50073439412485,12.27747858017136,-3.0821419828639507,86.13620563035508
low<=30_close40-65_green,NO,60,723,50.30013831258645,7.0,0.7745504840940526,0.8383356385431074,-3.8271092669432925,-2767.0000000000005,-6.530386740331493,"-2.75,-2.18,-3.85,-6.53",0,10,-9.647887323943664,21.535131396957127,11.493775933609959,-7.315809128630658,85.36289073305676
low<=30_close40-65_green,NO,70,723,50.30013831258645,7.0,0.6929460580912863,0.7185734044655206,-1.7939142461964046,-1297.0000000000005,-2.7388888888888903,"-2.08,-0.36,-2.74,-2.00",2,10,-6.971830985915494,21.535131396957127,11.493775933609959,-7.315809128630658,85.36289073305676
low<=30_close40-65_green,NO,80,723,50.30013831258645,7.0,0.6058091286307054,0.6287517289073306,-1.8354080221300144,-1327.0000000000005,-3.961111111111113,"-1.31,-1.19,-3.96,-0.90",4,10,-8.802816901408452,21.535131396957127,11.493775933609959,-7.315809128630658,85.36289073305676
low<=30_close40-65_green,NO,85,723,50.30013831258645,7.0,0.5726141078838174,0.5917663330892523,-1.6279391424619643,-1177.0000000000002,-2.8176795580110507,"-1.50,-2.82,-2.49,0.29",3,10,-9.859154929577466,21.535131396957127,11.493775933609959,-7.315809128630658,85.36289073305676
low<=30_close40-65_green,NO,90,723,50.30013831258645,7.0,0.5477178423236515,0.5588904256954049,-1.005532503457815,-727.0000000000002,-2.183333333333335,"-0.59,-2.02,-2.18,0.76",5,10,-10.07042253521127,21.535131396957127,11.493775933609959,-7.315809128630658,85.36289073305676
low<=30_close40-65_green,NO,99,723,50.30013831258645,7.0,0.4896265560165975,0.5080822051776409,-1.8271092669432922,-1321.0000000000002,-3.4333333333333353,"-2.68,-0.48,-3.43,-0.73",4,10,-10.323943661971832,21.535131396957127,11.493775933609959,-7.315809128630658,85.36289073305676
low<=30_close45-65_green,BOTH,60,1275,53.71058823529412,7.0,0.8501960784313726,0.8951764705882354,-2.6988235294117655,-3441.000000000001,-3.623824451410659,"-3.62,-1.71,-2.99,-2.47",1,10,-5.911290322580646,22.32149019607843,12.90250980392157,-2.491168627450859,87.68701176470601
low<=30_close45-65_green,BOTH,70,1275,53.71058823529412,7.0,0.7592156862745097,0.7672941176470588,-0.5654901960784318,-721.0000000000005,-1.767295597484278,"-1.49,0.14,-1.77,0.85",3,10,-4.540322580645162,22.32149019607843,12.90250980392157,-2.491168627450859,87.68701176470601
low<=30_close45-65_green,BOTH,80,1275,53.71058823529412,7.0,0.6698039215686274,0.6713823529411764,-0.12627450980392183,-161.00000000000034,-1.708463949843261,"-1.37,-1.71,-0.86,3.42",4,10,-5.992000000000001,22.32149019607843,12.90250980392157,-2.491168627450859,87.68701176470601
low<=30_close45-65_green,BOTH,85,1275,53.71058823529412,7.0,0.6345098039215686,0.6318892733564014,0.2227450980392157,284.0,-2.4608150470219443,"-1.32,-2.46,0.32,4.35",4,10,-4.352000000000001,22.32149019607843,12.90250980392157,-2.491168627450859,87.68701176470601
low<=30_close45-65_green,BOTH,90,1275,53.71058823529412,7.0,0.6086274509803922,0.5967843137254902,1.0658823529411765,1359.0,-1.4263322884012546,"-1.08,-1.43,1.53,5.24",4,10,-4.35374149659864,22.32149019607843,12.90250980392157,-2.491168627450859,87.68701176470601
low<=30_close45-65_green,BOTH,99,1275,53.71058823529412,7.0,0.552156862745098,0.5425311942959001,0.9529411764705882,1215.0,-2.10344827586207,"-1.45,-2.10,2.10,5.27",5,10,-5.302158273381296,22.32149019607843,12.90250980392157,-2.491168627450859,87.68701176470601
low<=30_close45-65_green,YES,60,697,53.30989956958393,7.0,0.8464849354375896,0.8884983261597322,-2.520803443328551,-1757.0,-4.154285714285714,"-4.15,-0.29,-3.27,-2.36",2,10,-7.243243243243243,22.83629842180775,13.103012912482068,-1.0299569583929844,87.6922812051652
low<=30_close45-65_green,YES,70,697,53.30989956958393,7.0,0.7546628407460545,0.7615699938511991,-0.48350071736011463,-336.9999999999999,-2.5229885057471266,"-0.90,1.32,-2.52,0.17",3,10,-6.279999999999999,22.83629842180775,13.103012912482068,-1.0299569583929844,87.6922812051652
low<=30_close45-65_green,YES,80,697,53.30989956958393,7.0,0.6642754662840746,0.6663737446197991,-0.1678622668579627,-117.0,-2.2114285714285713,"-2.21,-0.52,-0.28,2.36",4,10,-6.972972972972973,22.83629842180775,13.103012912482068,-1.0299569583929844,87.6922812051652
low<=30_close45-65_green,YES,85,697,53.30989956958393,7.0,0.6312769010043041,0.6271752890539286,0.3486370157819225,243.0,-1.497142857142857,"-1.50,-0.15,0.12,2.93",4,10,-6.364864864864864,22.83629842180775,13.103012912482068,-1.0299569583929844,87.6922812051652
low<=30_close45-65_green,YES,90,697,53.30989956958393,7.0,0.6025824964131994,0.5923322174398215,0.9225251076040172,643.0,-1.582857142857143,"-1.58,0.91,0.70,3.68",4,10,-6.027027027027026,22.83629842180775,13.103012912482068,-1.0299569583929844,87.6922812051652
low<=30_close45-65_green,YES,99,697,53.30989956958393,7.0,0.5509325681492109,0.5384838340362014,1.2324246771879483,859.0,-1.0517241379310345,"-0.45,-1.05,1.57,4.87",5,10,-7.972972972972973,22.83629842180775,13.103012912482068,-1.0299569583929844,87.6922812051652
low<=30_close45-65_green,NO,60,578,54.193771626297575,7.0,0.8546712802768166,0.9032295271049596,-2.913494809688583,-1684.000000000001,-3.3103448275862086,"-3.31,-3.06,-2.85,-2.43",1,10,-5.755102040816329,21.70069204152249,12.660726643598615,-4.253217993079472,87.68065743944643
low<=30_close45-65_green,NO,70,578,54.193771626297575,7.0,0.7647058823529411,0.7741967375185368,-0.6643598615916967,-384.0000000000007,-2.6206896551724155,"-2.62,-0.83,-2.02,2.81",4,10,-6.101694915254239,21.70069204152249,12.660726643598615,-4.253217993079472,87.68065743944643
low<=30_close45-65_green,NO,80,578,54.193771626297575,7.0,0.6764705882352942,0.6774221453287197,-0.07612456747404903,-44.00000000000034,-2.6388888888888906,"-0.83,-2.64,-2.30,5.43",4,10,-7.288135593220341,21.70069204152249,12.660726643598615,-4.253217993079472,87.68065743944643
low<=30_close45-65_green,NO,85,578,54.193771626297575,7.0,0.6384083044982699,0.637573783838795,0.07093425605536254,40.999999999999545,-5.312500000000002,"-1.03,-5.31,-0.22,6.81",4,10,-6.656250000000002,21.70069204152249,12.660726643598615,-4.253217993079472,87.68065743944643
low<=30_close45-65_green,NO,90,578,54.193771626297575,7.0,0.615916955017301,0.602153018069973,1.2387543252595155,715.9999999999999,-4.305555555555557,"-0.41,-4.31,1.73,7.91",5,10,-8.062500000000002,21.70069204152249,12.660726643598615,-4.253217993079472,87.68065743944643
low<=30_close45-65_green,NO,99,578,54.193771626297575,7.0,0.5536332179930796,0.5474118346090664,0.6159169550173005,355.99999999999966,-3.430555555555557,"-2.59,-3.43,2.54,5.92",4,10,-6.515625000000002,21.70069204152249,12.660726643598615,-4.253217993079472,87.68065743944643
low<=30_close50-70_green,BOTH,60,1301,58.391237509608,7.0,0.9100691775557264,0.9731872918268,-3.7870868562644118,-4927.0,-4.313846153846154,"-3.72,-3.51,-4.31,-3.60",0,10,-5.677165354330708,22.5109146810146,15.05196003074558,2.8460415065335956,91.09069177555737
low<=30_close50-70_green,BOTH,70,1301,58.391237509608,7.0,0.8078401229823213,0.8341605358515428,-1.8424289008455035,-2397.0,-3.8830769230769238,"-1.94,-1.05,-3.88,-0.49",2,10,-6.504132231404959,22.5109146810146,15.05196003074558,2.8460415065335956,91.09069177555737
low<=30_close50-70_green,BOTH,80,1301,58.391237509608,7.0,0.7156033820138356,0.7298904688701,-1.1429669485011529,-1487.0,-2.739263803680982,"-2.74,-1.98,-1.48,1.63",4,10,-7.826446280991736,22.5109146810146,15.05196003074558,2.8460415065335956,91.09069177555737
low<=30_close50-70_green,BOTH,85,1301,58.391237509608,7.0,0.6856264411990777,0.6869557354071529,-0.11299000768639508,-147.0,-1.8803680981595094,"-1.88,-1.85,-0.01,3.29",5,10,-7.146496815286624,22.5109146810146,15.05196003074558,2.8460415065335956,91.09069177555737
low<=30_close50-70_green,BOTH,90,1301,58.391237509608,7.0,0.6548808608762491,0.6487915278845333,0.5480399692544196,712.9999999999999,-1.2984615384615392,"-0.50,-1.30,0.67,3.32",6,10,-6.987261146496815,22.5109146810146,15.05196003074558,2.8460415065335956,91.09069177555737
low<=30_close50-70_green,BOTH,99,1301,58.391237509608,7.0,0.5980015372790162,0.5898104798950303,0.8109146810146042,1055.0,-0.8036809815950926,"-0.80,-0.77,1.72,3.10",5,10,-6.24203821656051,22.5109146810146,15.05196003074558,2.8460415065335956,91.09069177555737
low<=30_close50-70_green,YES,60,699,58.38340486409156,7.0,0.9098712446351931,0.9730567477348593,-3.7911301859799713,-2650.0,-4.959770114942529,"-4.02,-1.99,-4.96,-4.20",1,10,-7.530864197530864,23.06065808297568,15.473247496423461,4.451015736766948,91.3275250357655
low<=30_close50-70_green,YES,70,699,58.38340486409156,7.0,0.8068669527896996,0.8340486409155937,-1.9027181688125894,-1330.0,-4.902298850574713,"-0.13,0.18,-4.90,-2.77",4,10,-7.74468085106383,23.06065808297568,15.473247496423461,4.451015736766948,91.3275250357655
low<=30_close50-70_green,YES,80,699,58.38340486409156,7.0,0.7153075822603719,0.7297925608011445,-1.1587982832618025,-809.9999999999999,-2.3160919540229883,"-1.85,-0.62,-2.32,0.14",4,10,-7.222222222222222,23.06065808297568,15.473247496423461,4.451015736766948,91.3275250357655
low<=30_close50-70_green,YES,85,699,58.38340486409156,7.0,0.6866952789699571,0.6868635866363713,-0.014306151645207337,-9.999999999999929,-1.7413793103448276,"-0.73,1.03,-1.74,1.37",4,10,-5.476190476190476,23.06065808297568,15.473247496423461,4.451015736766948,91.3275250357655
low<=30_close50-70_green,YES,90,699,58.38340486409156,7.0,0.6566523605150214,0.6487044984899062,0.7153075822603719,500.0,-2.028735632183908,"0.10,3.49,-2.03,1.29",4,10,-7.131578947368421,23.06065808297568,15.473247496423461,4.451015736766948,91.3275250357655
low<=30_close50-70_green,YES,99,699,58.38340486409156,7.0,0.6051502145922747,0.5897313622635512,1.5264663805436338,1067.0,-0.9425287356321841,"1.43,2.87,-0.94,2.73",6,10,-6.08641975308642,23.06065808297568,15.473247496423461,4.451015736766948,91.3275250357655
low<=30_close50-70_green,NO,60,602,58.40033222591362,7.0,0.9102990033222591,0.9733388704318937,-3.7823920265780746,-2277.000000000001,-5.293333333333335,"-3.17,-5.29,-3.77,-2.91",0,10,-7.448275862068967,21.872591362126244,14.562790697674421,0.9824584717609826,90.81569767441869
low<=30_close50-70_green,NO,70,602,58.40033222591362,7.0,0.8089700996677741,0.8342904603701946,-1.772425249169436,-1067.0000000000005,-3.9000000000000017,"-3.83,-2.03,-3.90,2.65",3,10,-9.862068965517244,21.872591362126244,14.562790697674421,0.9824584717609826,90.81569767441869
low<=30_close50-70_green,NO,80,602,58.40033222591362,7.0,0.7159468438538206,0.7300041528239203,-1.1245847176079737,-677.0000000000002,-4.626666666666668,"-2.50,-4.63,-1.37,3.97",5,10,-10.776315789473685,21.872591362126244,14.562790697674421,0.9824584717609826,90.81569767441869
low<=30_close50-70_green,NO,85,602,58.40033222591362,7.0,0.6843853820598007,0.687062732069572,-0.22757475083056516,-137.00000000000023,-6.360000000000001,"-1.87,-6.36,1.10,6.19",6,10,-13.342105263157896,21.872591362126244,14.562790697674421,0.9824584717609826,90.81569767441869
low<=30_close50-70_green,NO,90,602,58.40033222591362,7.0,0.6528239202657807,0.6488925802879292,0.3538205980066445,213.0,-7.493333333333335,"-0.38,-7.49,2.83,6.42",6,10,-14.197368421052632,21.872591362126244,14.562790697674421,0.9824584717609826,90.81569767441869
low<=30_close50-70_green,NO,99,602,58.40033222591362,7.0,0.5897009966777409,0.5899023457162992,-0.019933554817275746,-12.0,-6.353333333333335,"-2.53,-6.35,5.05,3.74",5,10,-13.605263157894736,21.872591362126244,14.562790697674421,0.9824584717609826,90.81569767441869
low<=30_close55-75_green,BOTH,60,1235,63.34251012145749,7.0,0.9668016194331984,1.0557085020242913,-5.334412955465589,-6588.000000000002,-5.5941558441558445,"-5.46,-4.91,-5.59,-5.38",0,10,-7.0982142857142865,22.688016194331983,17.157246963562752,9.988785425101364,93.51109311740898
low<=30_close55-75_green,BOTH,70,1235,63.34251012145749,7.0,0.8680161943319838,0.904893001735107,-2.581376518218624,-3188.000000000001,-4.295454545454546,"-2.38,-2.03,-4.30,-1.62",2,10,-7.812500000000001,22.688016194331983,17.157246963562752,9.988785425101364,93.51109311740898
low<=30_close55-75_green,BOTH,80,1235,63.34251012145749,7.0,0.7668016194331984,0.7917813765182186,-1.9983805668016195,-2468.0,-3.938511326860842,"-2.74,-3.94,-1.24,-0.07",2,10,-8.526785714285715,22.688016194331983,17.157246963562752,9.988785425101364,93.51109311740898
low<=30_close55-75_green,BOTH,85,1235,63.34251012145749,7.0,0.734412955465587,0.7452060014289116,-0.9174089068825911,-1133.0,-3.8252427184466025,"-1.70,-3.83,1.01,0.85",6,10,-8.19718309859155,22.688016194331983,17.157246963562752,9.988785425101364,93.51109311740898
low<=30_close55-75_green,BOTH,90,1235,63.34251012145749,7.0,0.7012145748987855,0.7038056680161943,-0.23319838056680198,-288.00000000000045,-2.676375404530745,"-0.41,-2.68,1.91,0.25",7,10,-7.457746478873239,22.688016194331983,17.157246963562752,9.988785425101364,93.51109311740898
low<=30_close55-75_green,BOTH,99,1235,63.34251012145749,7.0,0.6421052631578947,0.6398233345601766,0.22591093117408906,279.0,-1.453074433656959,"-0.52,-1.45,3.34,-0.45",5,10,-6.697183098591549,22.688016194331983,17.157246963562752,9.988785425101364,93.51109311740898
low<=30_close55-75_green,YES,60,663,63.22473604826546,7.0,0.9668174962292609,1.0537456008044244,-5.215686274509804,-3458.0,-6.157575757575757,"-4.92,-4.22,-6.16,-5.58",0,10,-7.2592592592592595,23.10603318250377,17.315987933634993,10.462775263951865,94.37723981900469
low<=30_close55-75_green,YES,70,663,63.22473604826546,7.0,0.8687782805429864,0.9032105149752209,-2.41025641025641,-1598.0,-4.581818181818182,"0.51,-2.41,-4.58,-3.17",3,10,-8.107142857142858,23.10603318250377,17.315987933634993,10.462775263951865,94.37723981900469
low<=30_close55-75_green,YES,80,663,63.22473604826546,7.0,0.770739064856712,0.7903092006033183,-1.5656108597285068,-1038.0,-3.855421686746988,"-1.54,-3.86,-0.95,0.08",4,10,-10.25,23.10603318250377,17.315987933634993,10.462775263951865,94.37723981900469
low<=30_close55-75_green,YES,85,663,63.22473604826546,7.0,0.7405731523378583,0.7438204240972407,-0.2760180995475114,-183.00000000000006,-2.1987951807228914,"-0.28,-2.20,0.42,0.96",5,10,-8.464285714285714,23.10603318250377,17.315987933634993,10.462775263951865,94.37723981900469
low<=30_close55-75_green,YES,90,663,63.22473604826546,7.0,0.7058823529411765,0.7024970672029496,0.30467571644042224,201.99999999999994,-0.7030303030303029,"0.69,0.84,-0.70,0.39",5,10,-5.25,23.10603318250377,17.315987933634993,10.462775263951865,94.37723981900469
low<=30_close55-75_green,YES,99,663,63.22473604826546,7.0,0.6546003016591252,0.6386336974572269,1.5806938159879336,1048.0,0.6807228915662651,"2.86,0.68,0.82,1.96",6,10,-4.767857142857143,23.10603318250377,17.315987933634993,10.462775263951865,94.37723981900469
low<=30_close55-75_green,NO,60,572,63.47902097902098,7.0,0.9667832167832168,1.057983682983683,-5.472027972027973,-3130.000000000001,-6.055944055944058,"-6.06,-5.13,-5.26,-5.45",0,10,-7.875000000000002,22.203496503496506,16.973251748251748,9.439388111888281,92.50715034965032
low<=30_close55-75_green,NO,70,572,63.47902097902098,7.0,0.8671328671328671,0.9068431568431569,-2.779720279720281,-1590.0000000000007,-5.216783216783218,"-5.22,-1.35,-4.91,0.36",2,10,-7.517857142857145,22.203496503496506,16.973251748251748,9.439388111888281,92.50715034965032
low<=30_close55-75_green,NO,80,572,63.47902097902098,7.0,0.7622377622377622,0.7934877622377623,-2.500000000000001,-1430.0000000000005,-4.097902097902099,"-4.10,-3.73,-2.74,0.57",4,10,-11.246376811594205,22.203496503496506,16.973251748251748,9.439388111888281,92.50715034965032
low<=30_close55-75_green,NO,85,572,63.47902097902098,7.0,0.7272727272727273,0.7468120115178939,-1.660839160839162,-950.0000000000006,-5.370629370629373,"-3.33,-5.37,0.44,1.62",5,10,-14.072463768115943,22.203496503496506,16.973251748251748,9.439388111888281,92.50715034965032
low<=30_close55-75_green,NO,90,572,63.47902097902098,7.0,0.6958041958041958,0.7053224553224553,-0.856643356643357,-490.0000000000002,-5.755244755244758,"-2.28,-5.76,2.92,1.69",5,10,-15.014492753623188,22.203496503496506,16.973251748251748,9.439388111888281,92.50715034965032
low<=30_close55-75_green,NO,99,572,63.47902097902098,7.0,0.6276223776223776,0.641202232111323,-1.344405594405595,-769.0000000000003,-5.111888111888113,"-5.11,-2.80,3.99,-1.46",4,10,-15.797101449275363,22.203496503496506,16.973251748251748,9.439388111888281,92.50715034965032
low<=35_close40-65_green,BOTH,60,2161,50.89217954650625,7.0,0.7899120777417862,0.8482029924417708,-3.4974548819990745,-7558.0,-5.412962962962964,"-2.90,-2.49,-3.19,-5.41",0,10,-7.7336244541484715,25.072188801480795,11.468625636279501,-5.212017584451578,79.03713095788986
low<=35_close40-65_green,BOTH,70,2161,50.89217954650625,7.0,0.6992133271633503,0.7270311363786607,-1.947246645071726,-4208.0,-3.1296296296296306,"-1.09,-0.64,-3.13,-2.93",0,10,-6.685589519650655,25.072188801480795,11.468625636279501,-5.212017584451578,79.03713095788986
low<=35_close40-65_green,BOTH,80,2161,50.89217954650625,7.0,0.6126793151318833,0.6361522443313281,-1.877834335955576,-4058.0,-3.111111111111112,"-1.06,-1.30,-3.11,-2.04",3,10,-8.08296943231441,25.072188801480795,11.468625636279501,-5.212017584451578,79.03713095788986
low<=35_close40-65_green,BOTH,85,2161,50.89217954650625,7.0,0.5830633965756594,0.5987315240765441,-1.3317908375751966,-2878.0,-2.796296296296297,"-0.29,-1.04,-2.80,-1.21",3,10,-7.646288209606987,25.072188801480795,11.468625636279501,-5.212017584451578,79.03713095788986
low<=35_close40-65_green,BOTH,90,2161,50.89217954650625,7.0,0.5539102267468764,0.5654686616278473,-1.040259139287367,-2248.0,-2.9629629629629637,"-0.63,0.40,-2.96,-0.97",5,10,-7.864628820960698,25.072188801480795,11.468625636279501,-5.212017584451578,79.03713095788986
low<=35_close40-65_green,BOTH,99,2161,50.89217954650625,7.0,0.5025451180009255,0.5140624196616793,-1.1402128644146228,-2464.0,-2.418518518518519,"-0.35,0.40,-2.20,-2.42",4,10,-8.768558951965066,25.072188801480795,11.468625636279501,-5.212017584451578,79.03713095788986
low<=35_close40-65_green,YES,60,1100,50.986363636363635,7.0,0.7945454545454546,0.8497727272727272,-3.3136363636363635,-3645.0,-4.403636363636363,"-3.78,-1.35,-3.72,-4.40",0,10,-6.733333333333333,25.19827272727273,11.77609090909091,-3.868418181818018,80.90753636363637
low<=35_close40-65_green,YES,70,1100,50.986363636363635,7.0,0.7027272727272728,0.7283766233766233,-1.7954545454545454,-1975.0,-3.978181818181818,"-1.52,-0.19,-3.98,-1.49",3,10,-6.088495575221239,25.19827272727273,11.77609090909091,-3.868418181818018,80.90753636363637
low<=35_close40-65_green,YES,80,1100,50.986363636363635,7.0,0.6172727272727273,0.6373295454545455,-1.6045454545454545,-1765.0,-2.4872727272727273,"-2.03,-1.93,-2.49,0.03",2,10,-5.59047619047619,25.19827272727273,11.77609090909091,-3.868418181818018,80.90753636363637
low<=35_close40-65_green,YES,85,1100,50.986363636363635,7.0,0.5872727272727273,0.5998395721925134,-1.0681818181818181,-1175.0,-2.850909090909091,"-0.52,-1.33,-2.85,0.43",3,10,-5.029411764705882,25.19827272727273,11.77609090909091,-3.868418181818018,80.90753636363637
low<=35_close40-65_green,YES,90,1100,50.986363636363635,7.0,0.5563636363636364,0.5665151515151515,-0.9136363636363637,-1005.0,-2.632727272727273,"-1.16,0.29,-2.63,-0.15",3,10,-5.042016806722689,25.19827272727273,11.77609090909091,-3.868418181818018,80.90753636363637
low<=35_close40-65_green,YES,99,1100,50.986363636363635,7.0,0.51,0.5150137741046832,-0.49636363636363634,-546.0,-1.3890909090909092,"-0.15,0.39,-1.39,-0.84",4,10,-6.0476190476190474,25.19827272727273,11.77609090909091,-3.868418181818018,80.90753636363637
low<=35_close40-65_green,NO,60,1061,50.794533459000945,7.0,0.7851083883129123,0.8465755576500158,-3.6880301602262024,-3913.000000000001,-6.4981132075471715,"-2.00,-3.74,-2.52,-6.50",1,10,-8.732758620689657,24.94147031102733,11.14985862393968,-6.605004712535382,77.09797360980203
low<=35_close40-65_green,NO,70,1061,50.794533459000945,7.0,0.6955702167766258,0.725636192271442,-2.104618284637135,-2233.0000000000005,-4.460377358490568,"-0.65,-1.17,-2.14,-4.46",1,10,-7.267241379310346,24.94147031102733,11.14985862393968,-6.605004712535382,77.09797360980203
low<=35_close40-65_green,NO,80,1061,50.794533459000945,7.0,0.6079170593779454,0.6349316682375118,-2.161168708765316,-2293.0000000000005,-4.233962264150945,"-0.05,-0.42,-3.95,-4.23",4,10,-11.49137931034483,24.94147031102733,11.14985862393968,-6.605004712535382,77.09797360980203
low<=35_close40-65_green,NO,85,1061,50.794533459000945,7.0,0.5786993402450519,0.5975827465764817,-1.6050895381715369,-1703.0000000000007,-2.954716981132077,"-0.05,-0.48,-2.95,-2.95",5,10,-11.27586206896552,24.94147031102733,11.14985862393968,-6.605004712535382,77.09797360980203
low<=35_close40-65_green,NO,90,1061,50.794533459000945,7.0,0.5513666352497644,0.5643837051000105,-1.171536286522149,-1243.0000000000002,-3.5396226415094354,"-0.08,0.79,-3.54,-1.86",5,10,-11.31896551724138,24.94147031102733,11.14985862393968,-6.605004712535382,77.09797360980203
low<=35_close40-65_green,NO,99,1061,50.794533459000945,7.0,0.4948162111215834,0.5130760955454641,-1.8077285579641846,-1918.0,-4.098113207547171,"-0.56,0.72,-3.30,-4.10",4,10,-13.413793103448278,24.94147031102733,11.14985862393968,-6.605004712535382,77.09797360980203
low<=35_close45-65_green,BOTH,60,1818,54.05170517051705,7.0,0.8492849284928493,0.9008617528419509,-3.0946094609460952,-5626.000000000001,-3.46035242290749,"-3.03,-2.83,-3.46,-3.06",0,10,-5.977528089887642,25.39213421342134,12.42997799779978,-2.6350495049504534,80.02184818481851
low<=35_close45-65_green,BOTH,70,1818,54.05170517051705,7.0,0.7541254125412541,0.7721672167216722,-1.2629262926292635,-2296.000000000001,-3.0859030837004418,"-1.36,-0.93,-3.09,0.33",3,10,-4.573033707865169,25.39213421342134,12.42997799779978,-2.6350495049504534,80.02184818481851
low<=35_close45-65_green,BOTH,80,1818,54.05170517051705,7.0,0.6633663366336634,0.6756463146314632,-0.9823982398239826,-1786.0000000000002,-2.7555066079295165,"-0.92,-1.46,-2.76,1.20",4,10,-6.426966292134833,25.39213421342134,12.42997799779978,-2.6350495049504534,80.02184818481851
low<=35_close45-65_green,BOTH,85,1818,54.05170517051705,7.0,0.6309130913091309,0.6359024137707888,-0.42409240924092434,-771.0000000000005,-2.127753303964759,"-0.43,-1.36,-2.13,2.22",3,10,-5.808988764044945,25.39213421342134,12.42997799779978,-2.6350495049504534,80.02184818481851
low<=35_close45-65_green,BOTH,90,1818,54.05170517051705,7.0,0.6006600660066007,0.6005745018946339,0.007700770077007607,13.99999999999983,-1.4118942731277544,"-0.66,-0.25,-1.41,2.35",5,10,-5.977528089887642,25.39213421342134,12.42997799779978,-2.6350495049504534,80.02184818481851
low<=35_close45-65_green,BOTH,99,1818,54.05170517051705,7.0,0.5445544554455446,0.5459768199042127,-0.14081408140814097,-256.0000000000003,-0.7665198237885471,"-0.58,-0.77,-0.00,0.78",5,10,-6.685393258426967,25.39213421342134,12.42997799779978,-2.6350495049504534,80.02184818481851
low<=35_close45-65_green,YES,60,949,53.66174920969441,7.0,0.8419388830347735,0.8943624868282403,-3.1454162276080084,-2985.0,-3.9747899159663866,"-3.97,-1.59,-3.81,-3.19",1,10,-7.84375,25.532033719704955,12.583561643835617,-1.8361854583771404,81.8898840885143
low<=35_close45-65_green,YES,70,949,53.66174920969441,7.0,0.7481559536354057,0.7665964172813488,-1.2908324552160169,-1225.0,-3.392405063291139,"-1.66,-0.58,-3.39,0.48",3,10,-5.75531914893617,25.532033719704955,12.583561643835617,-1.8361854583771404,81.8898840885143
low<=35_close45-65_green,YES,80,949,53.66174920969441,7.0,0.6564805057955743,0.6707718651211801,-1.143308746048472,-1085.0,-2.3781512605042017,"-2.38,-1.76,-2.21,1.78",3,10,-6.802083333333333,25.532033719704955,12.583561643835617,-1.8361854583771404,81.8898840885143
low<=35_close45-65_green,YES,85,949,53.66174920969441,7.0,0.624868282402529,0.6313146965846401,-0.547945205479452,-520.0,-2.189873417721519,"-0.99,-1.38,-2.19,2.38",4,10,-5.65625,25.532033719704955,12.583561643835617,-1.8361854583771404,81.8898840885143
low<=35_close45-65_green,YES,90,949,53.66174920969441,7.0,0.5922023182297155,0.5962416578854934,-0.363540569020021,-344.99999999999994,-1.7058823529411766,"-1.71,0.18,-1.41,1.49",4,10,-6.59375,25.532033719704955,12.583561643835617,-1.8361854583771404,81.8898840885143
low<=35_close45-65_green,YES,99,949,53.66174920969441,7.0,0.541622760800843,0.5420378708049941,-0.041095890410958846,-38.99999999999994,-0.7226890756302523,"-0.72,0.14,-0.31,0.73",5,10,-7.0625,25.532033719704955,12.583561643835617,-1.8361854583771404,81.8898840885143
low<=35_close45-65_green,NO,60,869,54.47756041426928,7.0,0.857307249712313,0.9079593402378213,-3.0391254315304965,-2641.0000000000014,-4.013824884792629,"-2.16,-4.01,-2.77,-3.22",1,10,-5.630952380952383,25.239355581127732,12.262255466052936,-3.507456846950538,77.9818411967779
low<=35_close45-65_green,NO,70,869,54.47756041426928,7.0,0.760644418872267,0.7782508630609897,-1.2324510932105879,-1071.000000000001,-2.0783410138248866,"-0.88,-1.76,-2.08,-0.22",2,10,-3.738636363636365,25.239355581127732,12.262255466052936,-3.507456846950538,77.9818411967779
low<=35_close45-65_green,NO,80,869,54.47756041426928,7.0,0.6708860759493671,0.680969505178366,-0.806674338319909,-701.0000000000009,-2.5852534562212,"0.50,-1.25,-2.59,0.10",3,10,-8.250000000000004,25.239355581127732,12.262255466052936,-3.507456846950538,77.9818411967779
low<=35_close45-65_green,NO,85,869,54.47756041426928,7.0,0.6375143843498274,0.6409124754619915,-0.2888377445339478,-251.00000000000063,-1.4562211981566842,"0.02,-1.46,-1.25,1.53",5,10,-8.369047619047622,25.239355581127732,12.262255466052936,-3.507456846950538,77.9818411967779
low<=35_close45-65_green,NO,90,869,54.47756041426928,7.0,0.6098964326812428,0.6053062268252142,0.4131185270425772,358.99999999999955,-0.5576036866359466,"-0.10,-0.42,-0.56,2.73",5,10,-7.773809523809526,25.239355581127732,12.262255466052936,-3.507456846950538,77.9818411967779
low<=35_close45-65_green,NO,99,869,54.47756041426928,7.0,0.5477560414269275,0.550278388022922,-0.24971231300345265,-217.00000000000034,-1.0458715596330292,"-1.05,-0.96,0.81,0.20",5,10,-11.309523809523812,25.239355581127732,12.262255466052936,-3.507456846950538,77.9818411967779
low<=35_close50-70_green,BOTH,60,1909,58.64117338920901,7.0,0.9109481403876375,0.9773528898201501,-3.9842849659507595,-7606.0,-4.553459119496856,"-3.64,-4.04,-4.55,-3.70",0,10,-5.5545023696682465,25.75625982189628,14.574436877946567,3.0099947616553826,82.71626506024096
low<=35_close50-70_green,BOTH,70,1909,58.64117338920901,7.0,0.8072289156626506,0.8377310484172715,-2.1351492928234683,-4076.000000000001,-3.987421383647799,"-1.82,-1.99,-3.99,-0.75",1,10,-4.389671361502348,25.75625982189628,14.574436877946567,3.0099947616553826,82.71626506024096
low<=35_close50-70_green,BOTH,80,1909,58.64117338920901,7.0,0.7124148768988999,0.7330146673651126,-1.6479832372970142,-3146.0,-3.121593291404613,"-1.25,-3.12,-2.50,0.28",4,10,-6.582524271844662,25.75625982189628,14.574436877946567,3.0099947616553826,82.71626506024096
low<=35_close50-70_green,BOTH,85,1909,58.64117338920901,7.0,0.6846516500785752,0.689896157520106,-0.44578313253012053,-851.0000000000001,-2.3249475890985334,"0.19,-2.32,-1.64,1.99",6,10,-6.218446601941749,25.75625982189628,14.574436877946567,3.0099947616553826,82.71626506024096
low<=35_close50-70_green,BOTH,90,1909,58.64117338920901,7.0,0.6506024096385542,0.6515685932134334,-0.08695652173913059,-166.00000000000028,-1.2830188679245291,"0.44,-1.28,-1.28,1.77",5,10,-5.921787709497207,25.75625982189628,14.574436877946567,3.0099947616553826,82.71626506024096
low<=35_close50-70_green,BOTH,99,1909,58.64117338920901,7.0,0.5950759559979046,0.5923350847394849,0.2713462545835516,518.0,-0.9371069182389944,"0.95,-0.94,0.34,0.73",6,10,-6.173184357541899,25.75625982189628,14.574436877946567,3.0099947616553826,82.71626506024096
low<=35_close50-70_green,YES,60,983,58.661241098677515,7.0,0.9094608341810784,0.9776873516446253,-4.093591047812818,-4024.0,-5.755102040816326,"-4.16,-2.35,-5.76,-4.12",0,10,-8.172727272727272,25.934282807731435,15.001831129196336,4.567792472024533,84.88288911495422
low<=35_close50-70_green,YES,70,983,58.661241098677515,7.0,0.8087487283825026,0.8380177299811074,-2.04883011190234,-2014.0,-5.469387755102041,"-0.75,-0.92,-5.47,-1.07",3,10,-6.125,25.934282807731435,15.001831129196336,4.567792472024533,84.88288911495422
low<=35_close50-70_green,YES,80,983,58.661241098677515,7.0,0.7121057985757884,0.7332655137334689,-1.6927772126144456,-1664.0,-3.402439024390244,"-0.59,-3.40,-2.73,-0.05",4,10,-8.727272727272727,25.934282807731435,15.001831129196336,4.567792472024533,84.88288911495422
low<=35_close50-70_green,YES,85,983,58.661241098677515,7.0,0.6826042726347915,0.6901322482197355,-0.6398779247202442,-629.0,-2.693877551020408,"1.33,-2.02,-2.69,0.82",4,10,-6.505050505050505,25.934282807731435,15.001831129196336,4.567792472024533,84.88288911495422
low<=35_close50-70_green,YES,90,983,58.661241098677515,7.0,0.6459816887080366,0.6517915677630834,-0.5228891149542217,-514.0,-2.693877551020408,"0.84,-0.15,-2.69,-0.09",4,10,-7.0625,25.934282807731435,15.001831129196336,4.567792472024533,84.88288911495422
low<=35_close50-70_green,YES,99,983,58.661241098677515,7.0,0.5981688708036622,0.5925377888755304,0.5574771108850458,548.0,-1.1142857142857145,"2.78,0.47,-1.11,0.09",5,10,-4.999999999999999,25.934282807731435,15.001831129196336,4.567792472024533,84.88288911495422
low<=35_close50-70_green,NO,60,926,58.61987041036717,7.0,0.9125269978401728,0.9769978401727861,-3.8682505399568043,-3582.000000000001,-5.761904761904763,"-3.17,-5.76,-3.51,-3.04",0,10,-6.2962962962962985,25.56727861771058,14.120734341252701,1.3563066954643732,80.41627429805612
low<=35_close50-70_green,NO,70,926,58.61987041036717,7.0,0.8056155507559395,0.8374267201481024,-2.226781857451405,-2062.000000000001,-3.340517241379312,"-3.34,-3.03,-2.73,0.19",1,10,-4.732673267326734,25.56727861771058,14.120734341252701,1.3563066954643732,80.41627429805612
low<=35_close50-70_green,NO,80,926,58.61987041036717,7.0,0.712742980561555,0.7327483801295896,-1.600431965442765,-1482.0000000000005,-3.4242424242424256,"-1.70,-3.42,-2.29,1.01",3,10,-8.891089108910892,25.56727861771058,14.120734341252701,1.3563066954643732,80.41627429805612
low<=35_close50-70_green,NO,85,926,58.61987041036717,7.0,0.6868250539956804,0.6896455342396137,-0.2397408207343416,-222.00000000000034,-3.294372294372296,"-0.73,-3.29,-0.58,3.64",6,10,-9.980198019801982,25.56727861771058,14.120734341252701,1.3563066954643732,80.41627429805612
low<=35_close50-70_green,NO,90,926,58.61987041036717,7.0,0.6555075593952484,0.6513318934485242,0.37580993520518335,347.9999999999998,-3.554112554112555,"0.71,-3.55,0.13,4.20",6,10,-9.782178217821784,25.56727861771058,14.120734341252701,1.3563066954643732,80.41627429805612
low<=35_close50-70_green,NO,99,926,58.61987041036717,7.0,0.591792656587473,0.5921199031350219,-0.032397408207343416,-30.0,-3.632034632034633,"-0.22,-3.63,2.19,1.52",6,10,-8.801980198019804,25.56727861771058,14.120734341252701,1.3563066954643732,80.41627429805612
low<=35_close55-75_green,BOTH,60,1869,63.54842161583735,7.0,0.9662921348314607,1.0591403602639557,-5.570893525949706,-10412.0,-5.890792291220558,"-5.40,-5.62,-5.89,-5.37",0,10,-6.51658767772512,26.09079721776351,16.855644729802034,9.51759229534513,84.78371856607806
low<=35_close55-75_green,BOTH,70,1869,63.54842161583735,7.0,0.8705189941144997,0.9078345945119621,-2.612092027822365,-4882.0,-4.820128479657389,"-1.36,-2.88,-4.82,-1.39",1,10,-5.1913875598086126,26.09079721776351,16.855644729802034,9.51759229534513,84.78371856607806
low<=35_close55-75_green,BOTH,80,1869,63.54842161583735,7.0,0.7693953986088817,0.7943552701979668,-1.9967897271268058,-3732.0,-3.6488222698072814,"-1.00,-3.65,-3.45,0.11",3,10,-6.237373737373737,26.09079721776351,16.855644729802034,9.51759229534513,84.78371856607806
low<=35_close55-75_green,BOTH,85,1869,63.54842161583735,7.0,0.7394328517924024,0.7476284895980865,-0.6966292134831462,-1302.0000000000002,-2.824411134903641,"0.56,-2.82,-2.06,1.53",5,10,-6.0606060606060606,26.09079721776351,16.855644729802034,9.51759229534513,84.78371856607806
low<=35_close55-75_green,BOTH,90,1869,63.54842161583735,7.0,0.7025147137506688,0.7060935735093039,-0.32209737827715373,-602.0000000000003,-1.571734475374733,"0.69,-1.57,-1.33,0.92",5,10,-4.924242424242425,26.09079721776351,16.855644729802034,9.51759229534513,84.78371856607806
low<=35_close55-75_green,BOTH,99,1869,63.54842161583735,7.0,0.6415195291599786,0.6419032486448217,-0.037988228999464954,-71.0,-0.6959314775160608,"1.63,-0.69,-0.40,-0.70",4,10,-3.883597883597884,26.09079721776351,16.855644729802034,9.51759229534513,84.78371856607806
low<=35_close55-75_green,YES,60,945,63.43174603174603,7.0,0.9650793650793651,1.0571957671957672,-5.526984126984127,-5223.0,-6.601694915254237,"-5.35,-4.53,-6.60,-5.62",0,10,-7.745283018867925,26.07121693121693,17.052380952380954,10.432423280423349,87.48301587301584
low<=35_close55-75_green,YES,70,945,63.43174603174603,7.0,0.8740740740740741,0.9061678004535147,-2.2465608465608464,-2123.0,-5.076271186440678,"0.13,-2.71,-5.08,-1.34",3,10,-6.010869565217392,26.07121693121693,17.052380952380954,10.432423280423349,87.48301587301584
low<=35_close55-75_green,YES,80,945,63.43174603174603,7.0,0.7746031746031746,0.7928968253968254,-1.4634920634920634,-1383.0,-4.529661016949152,"0.05,-4.53,-1.43,0.06",4,10,-9.923913043478262,26.07121693121693,17.052380952380954,10.432423280423349,87.48301587301584
low<=35_close55-75_green,YES,85,945,63.43174603174603,7.0,0.744973544973545,0.7462558356676003,-0.10899470899470914,-103.00000000000014,-2.6440677966101696,"1.84,-2.64,-0.78,1.14",5,10,-7.478260869565218,26.07121693121693,17.052380952380954,10.432423280423349,87.48301587301584
low<=35_close55-75_green,YES,90,945,63.43174603174603,7.0,0.7047619047619048,0.7047971781305115,-0.0031746031746031746,-3.0,-0.7923728813559324,"1.86,-0.59,-0.50,-0.79",4,10,-4.163043478260869,26.07121693121693,17.052380952380954,10.432423280423349,87.48301587301584
low<=35_close55-75_green,YES,99,945,63.43174603174603,7.0,0.653968253968254,0.640724707391374,1.3111111111111111,1239.0,-0.8305084745762713,"4.59,0.67,0.80,-0.83",6,10,-4.064516129032259,26.07121693121693,17.052380952380954,10.432423280423349,87.48301587301584
low<=35_close55-75_green,NO,60,924,63.667748917748916,7.0,0.9675324675324676,1.0611291486291485,-5.615800865800868,-5189.000000000002,-6.203463203463206,"-5.83,-6.20,-5.33,-5.10",0,10,-6.6310679611650505,26.11082251082251,16.65443722943723,8.58196969696968,82.0230735930735
low<=35_close55-75_green,NO,70,924,63.667748917748916,7.0,0.8668831168831169,0.909539270253556,-2.985930735930737,-2759.000000000001,-4.46753246753247,"-3.67,-2.39,-4.47,-1.42",1,10,-4.910891089108912,26.11082251082251,16.65443722943723,8.58196969696968,82.0230735930735
low<=35_close55-75_green,NO,80,924,63.667748917748916,7.0,0.7640692640692641,0.7958468614718615,-2.542207792207793,-2349.000000000001,-4.380952380952382,"-2.28,-3.00,-4.38,-0.51",3,10,-7.371134020618558,26.11082251082251,16.65443722943723,8.58196969696968,82.0230735930735
low<=35_close55-75_green,NO,85,924,63.667748917748916,7.0,0.7337662337662337,0.7490323402088108,-1.2976190476190483,-1199.0000000000007,-2.8917748917748933,"-1.35,-2.89,-2.17,1.23",4,10,-9.07216494845361,26.11082251082251,16.65443722943723,8.58196969696968,82.0230735930735
low<=35_close55-75_green,NO,90,924,63.667748917748916,7.0,0.7002164502164502,0.7074194324194324,-0.6482683982683985,-599.0000000000002,-2.8268398268398283,"-0.77,-2.83,-0.92,1.92",5,10,-8.608247422680414,26.11082251082251,16.65443722943723,8.58196969696968,82.0230735930735
low<=35_close55-75_green,NO,99,924,63.667748917748916,7.0,0.6287878787878788,0.6431085749267568,-1.4177489177489178,-1310.0,-2.3203463203463217,"-1.70,-2.32,-0.68,-0.97",5,10,-8.144329896907218,26.11082251082251,16.65443722943723,8.58196969696968,82.0230735930735
low<=40_close40-65_green,BOTH,60,2614,51.473221117061975,6.0,0.8003060443764346,0.8578870186176996,-3.454858454475899,-9031.0,-4.9327217125382266,"-2.96,-2.77,-3.16,-4.93",0,10,-7.383802816901408,27.257459831675593,11.034697781178272,-5.723879112471287,76.14996174445292
low<=40_close40-65_green,BOTH,70,2614,51.473221117061975,6.0,0.7046671767406274,0.7353317302437425,-2.1465187452180565,-5611.0,-3.2052067381317007,"-1.61,-1.05,-3.21,-2.72",1,10,-6.75,27.257459831675593,11.034697781178272,-5.723879112471287,76.14996174445292
low<=40_close40-65_green,BOTH,80,2614,51.473221117061975,6.0,0.6197398622800306,0.6434152639632746,-1.8940321346595257,-4951.0,-3.251148545176111,"-0.97,-1.42,-3.25,-1.94",4,10,-8.017605633802816,27.257459831675593,11.034697781178272,-5.723879112471287,76.14996174445292
low<=40_close40-65_green,BOTH,85,2614,51.473221117061975,6.0,0.5872226472838562,0.6055673072595527,-1.5592960979342005,-4076.0,-3.343032159264932,"-0.67,-1.67,-3.34,-0.56",3,10,-7.419014084507042,27.257459831675593,11.034697781178272,-5.723879112471287,76.14996174445292
low<=40_close40-65_green,BOTH,90,2614,51.473221117061975,6.0,0.5592960979342004,0.5719246790784663,-1.1365723029839327,-2971.0,-3.11332312404288,"-0.57,-0.38,-3.11,-0.48",4,10,-7.383802816901408,27.257459831675593,11.034697781178272,-5.723879112471287,76.14996174445292
low<=40_close40-65_green,BOTH,99,2614,51.473221117061975,6.0,0.5065034429992349,0.5199315264349694,-1.32938026013772,-3475.0,-2.3415007656967846,"-0.48,-0.41,-2.34,-2.09",3,10,-7.890845070422535,27.257459831675593,11.034697781178272,-5.723879112471287,76.14996174445292
low<=40_close40-65_green,YES,60,1328,51.5210843373494,6.0,0.7966867469879518,0.8586847389558233,-3.7198795180722892,-4940.0,-4.539156626506024,"-4.49,-2.05,-3.80,-4.54",0,10,-7.695035460992908,27.35474397590362,11.301731927710843,-4.298350903614336,77.24390060240967
low<=40_close40-65_green,YES,70,1328,51.5210843373494,6.0,0.6995481927710844,0.7360154905335629,-2.552710843373494,-3390.0,-4.61144578313253,"-2.35,-1.39,-4.61,-1.86",3,10,-8.333333333333334,27.35474397590362,11.301731927710843,-4.298350903614336,77.24390060240967
low<=40_close40-65_green,YES,80,1328,51.5210843373494,6.0,0.6121987951807228,0.6440135542168675,-2.5451807228915664,-3380.0,-3.858433734939759,"-2.56,-2.42,-3.86,-1.35",4,10,-8.97163120567376,27.35474397590362,11.301731927710843,-4.298350903614336,77.24390060240967
low<=40_close40-65_green,YES,85,1328,51.5210843373494,6.0,0.5828313253012049,0.6061304039688165,-1.980421686746988,-2630.0,-4.430722891566265,"-1.30,-1.90,-4.43,-0.29",4,10,-8.120567375886525,27.35474397590362,11.301731927710843,-4.298350903614336,77.24390060240967
low<=40_close40-65_green,YES,90,1328,51.5210843373494,6.0,0.5519578313253012,0.5724564926372155,-1.8448795180722892,-2450.0,-4.340361445783133,"-1.33,-0.88,-4.34,-0.83",4,10,-8.75886524822695,27.35474397590362,11.301731927710843,-4.298350903614336,77.24390060240967
low<=40_close40-65_green,YES,99,1328,51.5210843373494,6.0,0.5022590361445783,0.5204149933065596,-1.7974397590361446,-2387.0,-3.7439759036144578,"-0.48,-0.28,-3.74,-2.68",4,10,-8.695035460992909,27.35474397590362,11.301731927710843,-4.298350903614336,77.24390060240967
low<=40_close40-65_green,NO,60,1286,51.42379471228616,6.0,0.8040435458786936,0.8570632452047693,-3.1811819595645425,-4091.000000000002,-5.639751552795032,"-1.60,-3.22,-2.26,-5.64",1,10,-7.0769230769230775,27.156998444790048,10.758942457231726,-7.195964230171154,75.02029548989107
low<=40_close40-65_green,NO,70,1286,51.42379471228616,6.0,0.7099533437013997,0.7346256387469451,-1.7270606531881811,-2221.000000000001,-3.96273291925466,"-1.10,-0.39,-1.45,-3.96",3,10,-5.741258741258743,27.156998444790048,10.758942457231726,-7.195964230171154,75.02029548989107
low<=40_close40-65_green,NO,80,1286,51.42379471228616,6.0,0.6275272161741835,0.642797433903577,-1.221617418351478,-1571.000000000001,-2.7204968944099392,"0.39,-0.29,-2.26,-2.72",4,10,-7.0769230769230775,27.156998444790048,10.758942457231726,-7.195964230171154,75.02029548989107
low<=40_close40-65_green,NO,85,1286,51.42379471228616,6.0,0.5917573872472783,0.604985820144543,-1.1244167962674967,-1446.0000000000007,-1.828660436137073,"-0.32,-1.32,-1.83,-1.03",5,10,-6.727272727272728,27.156998444790048,10.758942457231726,-7.195964230171154,75.02029548989107
low<=40_close40-65_green,NO,90,1286,51.42379471228616,6.0,0.5668740279937792,0.5713754968031796,-0.40513219284603486,-521.0000000000008,-1.7040498442367615,"0.17,-0.04,-1.70,-0.05",5,10,-6.027972027972028,27.156998444790048,10.758942457231726,-7.195964230171154,75.02029548989107
low<=40_close40-65_green,NO,99,1286,51.42379471228616,6.0,0.5108864696734059,0.5194322698210723,-0.8460342146189739,-1088.0000000000005,-1.4192546583850947,"-0.50,-0.44,-1.03,-1.42",4,10,-7.097902097902098,27.156998444790048,10.758942457231726,-7.195964230171154,75.02029548989107
low<=40_close45-65_green,BOTH,60,2238,54.42180518319928,7.0,0.8534405719392315,0.9070300863866547,-3.2153708668453986,-7196.000000000002,-3.5392857142857155,"-3.54,-2.89,-3.26,-3.17",0,10,-5.666666666666668,27.704602323503124,11.87609472743521,-3.468136729222518,76.91888739946383
low<=40_close45-65_green,BOTH,70,2238,54.42180518319928,7.0,0.7529043789097408,0.7774543597599898,-1.7184986595174268,-3846.000000000001,-2.887298747763865,"-2.25,-1.06,-2.89,-0.67",3,10,-4.955555555555557,27.704602323503124,11.87609472743521,-3.468136729222518,76.91888739946383
low<=40_close45-65_green,BOTH,80,2238,54.42180518319928,7.0,0.6648793565683646,0.680272564789991,-1.2314566577301165,-2756.0000000000005,-2.583184257602863,"-1.29,-1.31,-2.58,0.26",4,10,-6.377777777777779,27.704602323503124,11.87609472743521,-3.468136729222518,76.91888739946383
low<=40_close45-65_green,BOTH,85,2238,54.42180518319928,7.0,0.6291331546023236,0.6402565315670504,-0.9454870420017873,-2116.0,-2.341681574239715,"-1.33,-1.80,-2.34,1.69",3,10,-5.622222222222224,27.704602323503124,11.87609472743521,-3.468136729222518,76.91888739946383
low<=40_close45-65_green,BOTH,90,2238,54.42180518319928,7.0,0.6005361930294906,0.6046867242577698,-0.37354781054512964,-836.0000000000001,-1.4919499105545628,"-1.13,-0.63,-1.49,1.76",4,10,-5.533333333333334,27.704602323503124,11.87609472743521,-3.468136729222518,76.91888739946383
low<=40_close45-65_green,BOTH,99,2238,54.42180518319928,7.0,0.5437890974084003,0.5497152038706998,-0.5866845397676497,-1313.0,-1.1446428571428582,"-1.14,-0.92,-0.20,-0.08",4,10,-5.893333333333334,27.704602323503124,11.87609472743521,-3.468136729222518,76.91888739946383
low<=40_close45-65_green,YES,60,1157,54.06482281763181,7.0,0.8409680207433017,0.9010803802938635,-3.606741573033708,-4173.0,-5.037931034482758,"-5.04,-2.20,-4.27,-2.91",0,10,-8.436363636363636,27.737165082108902,12.063785652549697,-2.3597407087294044,78.09789109766646
low<=40_close45-65_green,YES,70,1157,54.06482281763181,7.0,0.7398444252376837,0.7723546116804544,-2.27571305099395,-2633.0,-4.619377162629758,"-3.21,-1.30,-4.62,0.03",2,10,-7.556521739130434,27.737165082108902,12.063785652549697,-2.3597407087294044,78.09789109766646
low<=40_close45-65_green,YES,80,1157,54.06482281763181,7.0,0.648228176318064,0.6758102852203975,-2.20656871218669,-2553.0,-4.411764705882353,"-3.45,-1.51,-4.41,0.55",4,10,-8.513043478260869,27.737165082108902,12.063785652549697,-2.3597407087294044,78.09789109766646
low<=40_close45-65_green,YES,85,1157,54.06482281763181,7.0,0.6171132238547969,0.6360567390309624,-1.6101987899740708,-1863.0,-4.515570934256055,"-2.37,-1.16,-4.52,1.60",4,10,-8.241935483870968,27.737165082108902,12.063785652549697,-2.3597407087294044,78.09789109766646
low<=40_close45-65_green,YES,90,1157,54.06482281763181,7.0,0.5842696629213483,0.6007202535292423,-1.480553154710458,-1713.0,-3.754325259515571,"-2.45,-0.22,-3.75,0.51",4,10,-8.443548387096774,27.737165082108902,12.063785652549697,-2.3597407087294044,78.09789109766646
low<=40_close45-65_green,YES,99,1157,54.06482281763181,7.0,0.5306828003457217,0.5461093213902203,-1.5272255834053587,-1767.0,-3.131487889273356,"-1.77,0.37,-3.13,-1.57",4,10,-7.862903225806452,27.737165082108902,12.063785652549697,-2.3597407087294044,78.09789109766646
low<=40_close45-65_green,NO,60,1081,54.80388529139685,7.0,0.8667900092506938,0.9133980881899475,-2.7964847363552283,-3023.000000000002,-3.551851851851854,"-2.07,-3.55,-2.51,-3.05",1,10,-4.872727272727275,27.669750231267344,11.675208140610547,-4.654458834412649,75.6569935245143
low<=40_close45-65_green,NO,70,1081,54.80388529139685,7.0,0.7668825161887142,0.782912647019955,-1.1221091581868652,-1213.0000000000014,-1.2185185185185206,"-1.11,-1.22,-1.18,-0.98",3,10,-3.7500000000000013,27.669750231267344,11.675208140610547,-4.654458834412649,75.6569935245143
low<=40_close45-65_green,NO,80,1081,54.80388529139685,7.0,0.6827012025901943,0.6850485661424607,-0.18778908418131465,-203.00000000000114,-1.2555555555555578,"1.18,-1.26,-1.11,0.43",3,10,-4.145454545454547,27.669750231267344,11.675208140610547,-4.654458834412649,75.6569935245143
low<=40_close45-65_green,NO,85,1081,54.80388529139685,7.0,0.6419981498612396,0.6447515916634924,-0.2340425531914902,-253.0000000000009,-2.625925925925928,"-0.06,-2.63,-0.53,2.28",4,10,-4.725806451612905,27.669750231267344,11.675208140610547,-4.654458834412649,75.6569935245143
low<=40_close45-65_green,NO,90,1081,54.80388529139685,7.0,0.6179463459759482,0.6089320587932984,0.8112858464384822,876.9999999999993,-1.2185185185185206,"0.48,-1.22,0.37,3.61",6,10,-4.2242990654205625,27.669750231267344,11.675208140610547,-4.654458834412649,75.6569935245143
low<=40_close45-65_green,NO,99,1081,54.80388529139685,7.0,0.5578168362627197,0.5535745989029985,0.4199814986123951,453.9999999999991,-1.7185185185185206,"-0.62,-1.72,1.94,2.08",6,10,-4.654545454545457,27.669750231267344,11.675208140610547,-4.654458834412649,75.6569935245143
low<=40_close50-70_green,BOTH,60,2422,59.03344343517754,7.0,0.9170107349298101,0.9838907239196256,-4.012799339388935,-9719.0,-4.4727272727272736,"-3.82,-4.28,-4.47,-3.48",0,10,-5.150214592274678,28.297563996696944,14.090255986787781,2.1639884393063675,78.6667175887696
low<=40_close50-70_green,BOTH,70,2422,59.03344343517754,7.0,0.8092485549132948,0.843334906216822,-2.3860445912469035,-5779.0,-3.861157024793389,"-2.27,-2.33,-3.86,-1.09",1,10,-4.8927038626609445,28.297563996696944,14.090255986787781,2.1639884393063675,78.6667175887696
low<=40_close50-70_green,BOTH,80,2422,59.03344343517754,7.0,0.7192402972749794,0.7379180429397192,-1.4942196531791907,-3619.0,-2.7867768595041325,"-0.92,-2.56,-2.79,0.28",4,10,-5.629213483146068,28.297563996696944,14.090255986787781,2.1639884393063675,78.6667175887696
low<=40_close50-70_green,BOTH,85,2422,59.03344343517754,7.0,0.6862097440132122,0.6945110992373829,-0.7056151940545006,-1709.0000000000005,-2.5421487603305795,"0.18,-2.54,-2.47,2.00",5,10,-4.749003984063745,28.297563996696944,14.090255986787781,2.1639884393063675,78.6667175887696
low<=40_close50-70_green,BOTH,90,2422,59.03344343517754,7.0,0.6548307184145334,0.6559271492797504,-0.09867877786952936,-239.0000000000001,-1.4975206611570253,"0.68,-1.45,-1.50,1.86",4,10,-4.506437768240343,28.297563996696944,14.090255986787781,2.1639884393063675,78.6667175887696
low<=40_close50-70_green,BOTH,99,2422,59.03344343517754,7.0,0.5966143682906688,0.5962974084361368,0.03137902559867873,75.99999999999989,-0.930578512396695,"0.76,-0.93,-0.11,0.41",4,10,-3.733905579399142,28.297563996696944,14.090255986787781,2.1639884393063675,78.6667175887696
low<=40_close50-70_green,YES,60,1232,59.063311688311686,7.0,0.9107142857142857,0.9843885281385281,-4.420454545454546,-5446.0,-5.496753246753247,"-4.80,-3.19,-5.50,-4.19",0,10,-6.733333333333333,28.336363636363632,14.515259740259742,3.6560389610390596,79.8382386363637
low<=40_close50-70_green,YES,70,1232,59.063311688311686,7.0,0.8003246753246753,0.8437615955473098,-3.0405844155844157,-3746.0,-6.0811688311688314,"-1.88,-2.28,-6.08,-1.92",2,10,-8.190082644628099,28.336363636363632,14.515259740259742,3.6560389610390596,79.8382386363637
low<=40_close50-70_green,YES,80,1232,59.063311688311686,7.0,0.7045454545454546,0.738291396103896,-2.699675324675325,-3326.0,-4.717532467532467,"-1.23,-3.26,-4.72,-1.59",4,10,-9.308823529411764,28.336363636363632,14.515259740259742,3.6560389610390596,79.8382386363637
low<=40_close50-70_green,YES,85,1232,59.063311688311686,7.0,0.6728896103896104,0.6948624904507257,-1.8676948051948052,-2301.0,-5.4480519480519485,"0.18,-1.97,-5.45,-0.23",4,10,-10.066666666666666,28.336363636363632,14.515259740259742,3.6560389610390596,79.8382386363637
low<=40_close50-70_green,YES,90,1232,59.063311688311686,7.0,0.637987012987013,0.6562590187590187,-1.6444805194805194,-2026.0,-4.912337662337662,"0.17,-0.66,-4.91,-1.17",4,10,-9.844444444444445,28.336363636363632,14.515259740259742,3.6560389610390596,79.8382386363637
low<=40_close50-70_green,YES,99,1232,59.063311688311686,7.0,0.5836038961038961,0.5965991079627443,-1.286525974025974,-1585.0,-4.298701298701299,"1.60,0.04,-4.30,-2.49",4,10,-9.311111111111112,28.336363636363632,14.515259740259742,3.6560389610390596,79.8382386363637
low<=40_close50-70_green,NO,60,1190,59.00252100840336,7.0,0.9235294117647059,0.9833753501400561,-3.59075630252101,-4273.000000000002,-5.0336700336700355,"-3.01,-5.03,-3.46,-2.87",0,10,-5.029629629629631,28.257394957983195,13.650252100840339,0.6192773109242861,77.45384873949571
low<=40_close50-70_green,NO,70,1190,59.00252100840336,7.0,0.8184873949579832,0.8428931572629051,-1.7084033613445389,-2033.0000000000014,-3.1409395973154375,"-3.14,-1.70,-1.64,-0.35",2,10,-3.8160000000000007,28.257394957983195,13.650252100840339,0.6192773109242861,77.45384873949571
low<=40_close50-70_green,NO,80,1190,59.00252100840336,7.0,0.7344537815126051,0.737531512605042,-0.24621848739495875,-293.0000000000009,-1.8686868686868703,"-0.32,-1.87,-0.90,2.10",5,10,-6.136000000000001,28.257394957983195,13.650252100840339,0.6192773109242861,77.45384873949571
low<=40_close50-70_green,NO,85,1190,59.00252100840336,7.0,0.7,0.694147305981216,0.4974789915966383,591.9999999999995,-2.8787878787878802,"0.18,-2.88,0.48,4.20",6,10,-7.5760000000000005,28.257394957983195,13.650252100840339,0.6192773109242861,77.45384873949571
low<=40_close50-70_green,NO,90,1190,59.00252100840336,7.0,0.6722689075630253,0.6555835667600374,1.5016806722689076,1787.0,-2.306397306397308,"1.52,-2.31,1.89,4.89",7,10,-6.696000000000001,28.257394957983195,13.650252100840339,0.6192773109242861,77.45384873949571
low<=40_close50-70_green,NO,99,1190,59.00252100840336,7.0,0.6100840336134454,0.595985060690943,1.3957983193277308,1660.9999999999998,-1.9730639730639745,"0.22,-1.97,3.71,3.62",7,10,-5.400000000000001,28.257394957983195,13.650252100840339,0.6192773109242861,77.45384873949571
low<=40_close55-75_green,BOTH,60,2473,63.782450465022244,7.0,0.9684593610998787,1.063040841083704,-5.674888799029519,-14034.0,-6.037216828478965,"-5.81,-5.70,-6.04,-5.15",0,10,-6.208955223880598,28.95903760614638,16.446502224019408,8.804516781237375,80.19287505054582
low<=40_close55-75_green,BOTH,70,2473,63.782450465022244,7.0,0.8714112414071977,0.911177863786032,-2.7836635665183995,-6884.000000000002,-4.095469255663431,"-2.34,-2.84,-4.10,-1.86",0,10,-4.455223880597016,28.95903760614638,16.446502224019408,8.804516781237375,80.19287505054582
low<=40_close55-75_green,BOTH,80,2473,63.782450465022244,7.0,0.7731500202183583,0.797280630812778,-1.9304488475535786,-4774.0,-3.3414239482200654,"-0.90,-3.34,-3.06,-0.42",2,10,-5.5418326693227105,28.95903760614638,16.446502224019408,8.804516781237375,80.19287505054582
low<=40_close55-75_green,BOTH,85,2473,63.782450465022244,7.0,0.7379700768297615,0.7503817701767322,-1.0549939344925194,-2609.0000000000005,-3.0097087378640786,"0.30,-3.01,-2.56,1.05",4,10,-5.940239043824702,28.95903760614638,16.446502224019408,8.804516781237375,80.19287505054582
low<=40_close55-75_green,BOTH,90,2473,63.782450465022244,7.0,0.7031945006065508,0.7086938940558027,-0.49494541043267287,-1224.0,-1.7718446601941755,"0.73,-1.77,-1.57,0.63",5,10,-4.3067729083665345,28.95903760614638,16.446502224019408,8.804516781237375,80.19287505054582
low<=40_close55-75_green,BOTH,99,2473,63.782450465022244,7.0,0.6393044884755358,0.6442671764143661,-0.4913061059441973,-1215.0,-1.4385113268608423,"1.28,-1.03,-0.78,-1.44",3,10,-2.688259109311742,28.95903760614638,16.446502224019408,8.804516781237375,80.19287505054582
low<=40_close55-75_green,YES,60,1240,63.68306451612903,7.0,0.9637096774193549,1.0613844086021504,-5.860483870967742,-7267.0,-6.47741935483871,"-6.25,-5.10,-6.48,-5.61",0,10,-7.059322033898305,28.883306451612906,16.748790322580646,9.959653225806564,81.53643548387099
low<=40_close55-75_green,YES,70,1240,63.68306451612903,7.0,0.8653225806451613,0.909758064516129,-3.110483870967742,-3857.0,-4.767741935483871,"-1.47,-3.68,-4.77,-2.52",1,10,-7.421875,28.883306451612906,16.748790322580646,9.959653225806564,81.53643548387099
low<=40_close55-75_green,YES,80,1240,63.68306451612903,7.0,0.7637096774193548,0.7960383064516129,-2.5862903225806453,-3207.0,-4.393548387096774,"-0.64,-4.39,-3.25,-2.06",3,10,-9.375,28.883306451612906,16.748790322580646,9.959653225806564,81.53643548387099
low<=40_close55-75_green,YES,85,1240,63.68306451612903,7.0,0.7290322580645161,0.749212523719165,-1.7153225806451613,-2127.0,-3.832258064516129,"0.82,-3.15,-3.83,-0.69",4,10,-7.96875,28.883306451612906,16.748790322580646,9.959653225806564,81.53643548387099
low<=40_close55-75_green,YES,90,1240,63.68306451612903,7.0,0.6903225806451613,0.707589605734767,-1.554032258064516,-1927.0,-3.47741935483871,"1.11,-1.62,-3.48,-2.23",3,10,-6.516129032258065,28.883306451612906,16.748790322580646,9.959653225806564,81.53643548387099
low<=40_close55-75_green,YES,99,1240,63.68306451612903,7.0,0.6314516129032258,0.6432632779406973,-1.1693548387096775,-1450.0,-4.72258064516129,"3.08,-0.20,-2.84,-4.72",3,10,-6.2890625,28.883306451612906,16.748790322580646,9.959653225806564,81.53643548387099
low<=40_close55-75_green,NO,60,1233,63.882400648824,7.0,0.9732360097323601,1.0647066774804002,-5.488240064882402,-6767.000000000002,-5.8571428571428585,"-5.81,-5.86,-5.44,-4.85",0,10,-6.389312977099238,29.035198702351995,16.14249797242498,7.642822384428134,78.84168694241671
low<=40_close55-75_green,NO,70,1233,63.882400648824,7.0,0.8775344687753447,0.9126057235546287,-2.45498783454988,-3027.000000000002,-3.9644012944983835,"-3.96,-1.44,-3.00,-1.41",1,10,-4.340740740740742,29.035198702351995,16.14249797242498,7.642822384428134,78.84168694241671
low<=40_close55-75_green,NO,80,1233,63.882400648824,7.0,0.7826439578264396,0.7985300081103001,-1.2708840227088416,-1567.0000000000016,-2.3831168831168847,"-1.54,-2.16,-2.38,0.99",3,10,-6.15873015873016,29.035198702351995,16.14249797242498,7.642822384428134,78.84168694241671
low<=40_close55-75_green,NO,85,1233,63.882400648824,7.0,0.7469586374695864,0.751557654692047,-0.3909164639091657,-482.00000000000125,-2.7240259740259756,"-0.91,-2.72,-0.48,2.55",6,10,-8.57936507936508,29.035198702351995,16.14249797242498,7.642822384428134,78.84168694241671
low<=40_close55-75_green,NO,90,1233,63.882400648824,7.0,0.716139497161395,0.7098044516536001,0.5701540957015402,702.9999999999991,-2.05844155844156,"-0.08,-2.06,1.19,3.23",7,10,-7.42857142857143,29.035198702351995,16.14249797242498,7.642822384428134,78.84168694241671
low<=40_close55-75_green,NO,99,1233,63.882400648824,7.0,0.6472019464720195,0.6452767742305455,0.19059205190592016,234.99999999999955,-2.0000000000000013,"-1.01,-2.00,2.21,1.57",5,10,-6.42857142857143,29.035198702351995,16.14249797242498,7.642822384428134,78.84168694241671
