side,trades,hit_rate,breakeven_hit_rate,avg_entry_c,avg_pnl_c,min_quartile_ev_c,quartile_ev_c,positive_weeks,weeks,min_week_ev_c,settle_win_rate,avg_entry_minute,avg_signal_dist_below_ema_c,avg_bars_since_touch,avg_drop5_c,table,dist_bin,bars_bin,entry_c
NO,3144,0.263676844783715,0.2678077290076336,21.424618320610687,-0.330470737913486,-1.025445292620865,"1.32,-0.80,-0.81,-1.03",4,10,-3.3385579937304075,0.2121501272264631,5.127862595419847,25.418165065449475,1.3377862595419847,68.64850508905853,side,,,
YES,3243,0.26025285229725564,0.2692337341967314,21.538698735738514,-0.7184705519580635,-2.0974106041923553,"-2.10,0.91,-2.04,0.35",4,10,-2.1907514450867054,0.21461609620721553,5.14122725871107,24.264887870121413,1.3250077089115018,68.71674375578168,side,,,
,240,0.37083333333333335,0.27708333333333335,22.166666666666668,7.5,4.416666666666667,"4.42,8.53,7.35,9.70",8,10,-3.380952380952381,0.3125,3.8666666666666667,2.8058932205477762,0.04583333333333333,72.49416666666666,dist_bin,0-5,,
,442,0.3235294117647059,0.27717760180995477,22.17420814479638,3.7081447963800906,-1.7297297297297298,"8.63,5.25,-1.73,2.68",7,10,-8.205882352941176,0.2669683257918552,4.400452488687783,7.771240497283335,0.2171945701357466,70.49864253393666,dist_bin,5-10,,
,884,0.2907239819004525,0.2696549773755656,21.57239819004525,1.6855203619909502,-0.755656108597285,"-0.76,3.23,1.57,2.70",8,10,-4.544444444444444,0.23642533936651583,5.230769230769231,17.595237996513447,0.916289592760181,66.64423076923077,dist_bin,15-20,,
,1536,0.2578125,0.26504720052083336,21.203776041666668,-0.5787760416666666,-3.5286458333333335,"1.85,0.92,-3.53,-1.55",4,10,-5.09433962264151,0.21158854166666666,5.201171875,34.56932273404805,2.0540364583333335,70.55397135416666,dist_bin,30-40,,
,985,0.2598984771573604,0.27019035532994923,21.615228426395937,-0.8233502538071066,-3.125506072874494,"-3.13,-1.65,-1.36,2.85",4,10,-5.760416666666667,0.20609137055837565,5.614213197969543,22.460068630803885,1.286294416243655,64.59492385786803,dist_bin,20-25,,
,706,0.26203966005665724,0.2738668555240793,21.909348441926344,-0.9461756373937678,-2.1977401129943503,"-1.54,1.82,-2.20,-1.86",4,10,-6.384615384615385,0.21388101983002833,4.859773371104816,12.649043451425662,0.4461756373937677,67.23385269121813,dist_bin,10-15,,
,969,0.23116615067079463,0.2679566563467492,21.436532507739937,-2.9432404540763675,-5.413223140495868,"-2.62,-2.25,-1.49,-5.41",3,10,-5.9326923076923075,0.19195046439628483,5.654282765737874,27.45221953753327,1.760577915376677,65.93168214654283,dist_bin,25-30,,
,622,0.1977491961414791,0.25840032154340836,20.672025723472668,-4.852090032154341,-9.819354838709678,"-3.63,-9.82,-3.30,-2.67",1,10,-13.672727272727272,0.15434083601286175,4.596463022508039,45.01761891621838,1.8344051446945338,76.51495176848876,dist_bin,40-60,,
,1877,0.2749067661161428,0.2672149706979222,21.37719765583378,0.6153436334576452,-0.7014925373134329,"-0.43,2.03,1.57,-0.70",7,10,-3.217391304347826,0.2237613212573255,5.079914757591902,26.266129636860533,1.0,69.81017581246671,bars_bin,,1,
,506,0.2608695652173913,0.2692687747035573,21.541501976284586,-0.6719367588932806,-3.8976377952755907,"1.83,-0.10,-3.90,-0.51",5,10,-5.074074074074074,0.2015810276679842,5.391304347826087,31.281949103133005,3.0,72.06739130434782,bars_bin,,3,
,469,0.24520255863539445,0.2681503198294243,21.452025586353944,-1.835820895522388,-7.213675213675214,"0.40,3.42,-7.21,-3.97",4,10,-12.323529411764707,0.2046908315565032,6.223880597014926,31.710834462414287,4.409381663113006,71.63859275053305,bars_bin,,4-5,
,902,0.23392461197339245,0.2690133037694013,21.521064301552105,-2.8070953436807096,-5.3053097345132745,"-5.31,-3.07,-1.26,-1.59",2,10,-6.783132530120482,0.18514412416851442,5.028824833702883,29.6349860612036,2.0,70.8910199556541,bars_bin,,2,
,171,0.19883040935672514,0.26403508771929823,21.12280701754386,-5.216374269005848,-6.488372093023256,"-6.05,-2.49,-6.49,-5.86",3,10,-13.818181818181818,0.1695906432748538,7.760233918128655,31.870744369543996,6.549707602339181,36.51169590643275,bars_bin,,6-8,
YES,123,0.3983739837398374,0.27672764227642277,22.13821138211382,9.731707317073171,6.193548387096774,"6.45,6.19,11.48,14.97",9,10,-0.36363636363636365,0.34146341463414637,3.6910569105691056,3.0050631091457,0.032520325203252036,73.74634146341464,side_dist,0-5,,
NO,117,0.3418803418803419,0.27745726495726497,22.196581196581196,5.153846153846154,-1.0666666666666667,"-1.07,16.31,2.86,2.72",6,10,-10.428571428571429,0.28205128205128205,4.051282051282051,2.5965094915089346,0.05982905982905983,71.17777777777778,side_dist,0-5,,
YES,236,0.3389830508474576,0.2778601694915254,22.228813559322035,4.889830508474576,-1.4745762711864407,"7.42,7.47,-1.47,6.14",8,10,-4.857142857142857,0.2711864406779661,4.36864406779661,7.733129382433382,0.21610169491525424,69.78771186440677,side_dist,5-10,,
NO,206,0.3058252427184466,0.27639563106796117,22.111650485436893,2.354368932038835,-1.3725490196078431,"9.98,1.10,-0.38,-1.37",6,10,-18.333333333333332,0.2621359223300971,4.436893203883495,7.8149017744900755,0.21844660194174756,71.3131067961165,side_dist,5-10,,
YES,458,0.29475982532751094,0.2690775109170306,21.526200873362445,2.054585152838428,-3.8521739130434782,"-3.85,7.07,0.71,4.35",6,10,-8.862745098039216,0.24017467248908297,5.24235807860262,17.676580528294814,0.9541484716157205,67.58711790393012,side_dist,15-20,,
NO,426,0.2863849765258216,0.27027582159624414,21.622065727699532,1.2887323943661972,-1.0754716981132075,"3.12,0.14,2.93,-1.08",6,10,-5.055555555555555,0.2323943661971831,5.21830985915493,17.507785227602962,0.8755868544600939,65.63051643192487,side_dist,15-20,,
NO,792,0.273989898989899,0.2640940656565657,21.127525252525253,0.7916666666666666,-3.398989898989899,"3.90,3.52,-3.40,-0.85",6,10,-5.928571428571429,0.22348484848484848,5.2272727272727275,34.53644587220202,2.092171717171717,70.59040404040404,side_dist,30-40,,
YES,385,0.2675324675324675,0.2746753246753247,21.974025974025974,-0.5714285714285714,-1.2291666666666667,"-0.47,-0.08,-0.50,-1.23",6,10,-9.692307692307692,0.23376623376623376,4.8545454545454545,12.558222409208264,0.45454545454545453,67.74051948051948,side_dist,10-15,,
NO,479,0.2588726513569937,0.26878914405010434,21.50313152400835,-0.7933194154488518,-5.466666666666667,"-4.88,-5.47,0.52,6.71",4,10,-12.25,0.2150313152400835,5.542797494780793,22.480883737304097,1.269311064718163,64.80250521920668,side_dist,20-25,,
YES,506,0.2608695652173913,0.2715167984189723,21.721343873517785,-0.8517786561264822,-4.511811023622047,"-0.88,2.01,-4.51,0.01",2,10,-11.068965517241379,0.1976284584980237,5.681818181818182,22.440364211804674,1.3023715415019763,64.39841897233201,side_dist,20-25,,
NO,321,0.2554517133956386,0.27289719626168224,21.83177570093458,-1.395638629283489,-4.75,"-1.94,3.96,-2.85,-4.75",4,10,-13.904761904761905,0.19003115264797507,4.866043613707165,12.757972115767398,0.43613707165109034,66.62616822429906,side_dist,10-15,,
YES,744,0.24059139784946237,0.26606182795698924,21.28494623655914,-2.0376344086021505,-3.747311827956989,"-0.34,-1.84,-3.75,-2.22",3,10,-5.840579710144928,0.1989247311827957,5.173387096774194,34.60432068375511,2.013440860215054,70.51518817204301,side_dist,30-40,,
NO,449,0.23608017817371937,0.26790089086859686,21.43207126948775,-2.5456570155902005,-4.9375,"-0.66,-2.25,-2.35,-4.94",2,10,-8.125,0.18040089086859687,5.639198218262806,27.405640733367516,1.688195991091314,65.75389755011136,side_dist,25-30,,
YES,520,0.22692307692307692,0.2680048076923077,21.440384615384616,-3.2865384615384614,-5.823076923076923,"-5.52,-0.41,-1.39,-5.82",2,10,-8.0,0.20192307692307693,5.667307692307692,27.492438543437935,1.823076923076923,66.08519230769231,side_dist,25-30,,
NO,351,0.21367521367521367,0.258974358974359,20.71794871794872,-3.623931623931624,-7.931818181818182,"0.31,-7.93,-6.23,-0.61",2,10,-11.019607843137255,0.16809116809116809,4.592592592592593,45.105029435162976,1.754985754985755,76.16182336182337,side_dist,40-60,,
YES,271,0.17712177121771217,0.25765682656826566,20.612546125461254,-6.442804428044281,-10.161764705882353,"-8.74,-10.16,-3.00,-3.84",2,10,-17.5,0.13653136531365315,4.601476014760148,44.9044045540429,1.937269372693727,76.97232472324723,side_dist,40-60,,
,73,0.3424657534246575,0.28184931506849314,22.54794520547945,4.8493150684931505,-1.8421052631578947,"-1.84,-0.22,13.44,8.39",6,10,-22.166666666666668,0.2602739726027397,4.958904109589041,8.224157006330746,1.0,68.05616438356164,dist_bars,5-10,1,
,188,0.324468085106383,0.2762632978723404,22.101063829787233,3.856382978723404,0.3617021276595745,"5.11,5.32,4.64,0.36",7,10,-2.761904761904762,0.2978723404255319,5.212765957446808,12.801379700916158,1.0,65.24521276595743,dist_bars,10-15,1,
,38,0.3157894736842105,0.27861842105263157,22.289473684210527,2.973684210526316,-13.222222222222221,"18.10,-5.22,9.80,-13.22",5,10,-22.5,0.2631578947368421,6.026315789473684,18.141508688660366,3.0,63.66052631578947,dist_bars,15-20,3,
,57,0.3157894736842105,0.2802631578947369,22.42105263157895,2.8421052631578947,-11.933333333333334,"-11.93,17.79,6.50,0.07",5,10,-23.0,0.2631578947368421,6.421052631578948,22.890290362750722,4.350877192982456,65.68771929824561,dist_bars,20-25,4-5,
,105,0.3047619047619048,0.27142857142857146,21.714285714285715,2.6666666666666665,-9.666666666666666,"-9.67,8.92,-3.38,15.27",5,10,-16.0,0.24761904761904763,5.485714285714286,27.754776312199425,3.0,70.80095238095238,dist_bars,25-30,3,
,215,0.29767441860465116,0.2651162790697674,21.209302325581394,2.604651162790698,-5.148148148148148,"2.59,11.65,-5.15,1.30",6,10,-9.15,0.2651162790697674,6.134883720930232,34.6688385006172,4.432558139534883,73.24232558139535,dist_bars,30-40,4-5,
,32,0.3125,0.28359375,22.6875,2.3125,-12.375,"27.25,-2.75,-2.88,-12.38",4,8,-24.0,0.1875,6.84375,17.800209603871963,4.34375,56.734375,dist_bars,15-20,4-5,
,338,0.2958579881656805,0.26871301775147927,21.497041420118343,2.171597633136095,0.15294117647058825,"0.15,1.36,5.92,1.24",6,10,-6.96875,0.22781065088757396,5.263313609467455,22.444999394003208,1.0,67.26923076923077,dist_bars,20-25,1,
,453,0.2891832229580574,0.2639900662251656,21.119205298013245,2.0154525386313464,-1.3097345132743363,"3.27,3.81,-1.31,2.27",5,10,-3.872340425531915,0.23399558498896247,4.977924944812362,34.533818723143135,1.0,72.35452538631347,dist_bars,30-40,1,
,306,0.2908496732026144,0.26809640522875816,21.447712418300654,1.8202614379084967,-1.9610389610389611,"-0.53,6.99,-1.96,2.87",6,10,-7.8,0.22875816993464052,4.9640522875816995,17.719511804782012,1.0,68.34673202614378,dist_bars,15-20,1,
,33,0.30303030303030304,0.28143939393939393,22.515151515151516,1.7272727272727273,-22.666666666666668,"-22.67,17.25,17.62,-2.25",5,9,-22.75,0.2727272727272727,5.2727272727272725,13.306847562167722,2.0,67.23636363636365,dist_bars,10-15,2,
,25,0.28,0.273,21.84,0.56,-21.166666666666668,"11.86,4.83,-21.17,4.83",4,10,-21.5,0.24,8.16,22.412475472100986,6.68,28.8,dist_bars,20-25,6-8,
,210,0.26666666666666666,0.26666666666666666,21.333333333333332,0.0,-4.773584905660377,"7.11,0.38,-4.77,-2.77",5,10,-13.272727272727273,0.19523809523809524,5.109523809523809,34.881548614158575,3.0,74.63285714285715,dist_bars,30-40,3,
,302,0.24172185430463577,0.26531456953642385,21.225165562913908,-1.8874172185430464,-7.253333333333333,"-3.30,0.29,2.67,-7.25",3,10,-11.653846153846153,0.20860927152317882,5.466887417218543,27.276781579840662,1.0,68.2751655629139,dist_bars,25-30,1,
,186,0.23655913978494625,0.2713037634408602,21.704301075268816,-2.7795698924731185,-7.521739130434782,"0.06,-6.13,2.30,-7.52",3,10,-17.375,0.17204301075268819,5.193548387096774,27.53982985056963,2.0,68.15806451612903,dist_bars,25-30,2,
,152,0.23684210526315788,0.2725328947368421,21.80263157894737,-2.8552631578947367,-10.657894736842104,"-2.95,-0.71,-10.66,2.89",4,10,-14.181818181818182,0.18421052631578946,5.565789473684211,22.562213015123174,2.0,65.33223684210526,dist_bars,20-25,2,
,295,0.22033898305084745,0.2673305084745763,21.386440677966103,-3.759322033898305,-5.256756756756757,"-5.14,-5.26,0.18,-4.84",2,10,-8.225806451612904,0.1864406779661017,4.589830508474576,34.42696163162734,2.0,74.09728813559322,dist_bars,30-40,2,
,129,0.20930232558139536,0.2580426356589147,20.643410852713178,-3.89922480620155,-10.625,"-6.09,-10.62,-0.62,1.81",3,10,-20.272727272727273,0.14728682170542637,4.689922480620155,44.71592862020882,2.0,78.45348837209302,dist_bars,40-60,2,
,98,0.22448979591836735,0.274234693877551,21.93877551020408,-3.979591836734694,-12.0,"-12.00,-1.83,0.00,-1.92",3,10,-21.857142857142858,0.1836734693877551,5.469387755102041,17.773994564675288,2.0,67.01326530612245,dist_bars,15-20,2,
,67,0.22388059701492538,0.2787313432835821,22.29850746268657,-4.388059701492537,-12.588235294117647,"5.41,-3.41,-12.59,-7.12",2,10,-23.0,0.16417910447761194,5.850746268656716,22.676165421089436,3.0,65.7820895522388,dist_bars,20-25,3,
,75,0.2,0.2595,20.76,-4.76,-8.842105263157896,"-7.79,0.89,-8.84,-3.22",3,10,-20.7,0.16,7.733333333333333,34.728966993755385,6.493333333333333,38.076,dist_bars,30-40,6-8,
,72,0.19444444444444445,0.2569444444444445,20.555555555555557,-5.0,-16.666666666666668,"2.11,-16.67,-7.33,1.89",3,10,-23.0,0.16666666666666666,5.236111111111111,44.534744292780175,3.0,78.13888888888889,dist_bars,40-60,3,
,39,0.1794871794871795,0.2727564102564103,21.82051282051282,-7.461538461538462,-21.22222222222222,"-14.40,1.70,2.70,-21.22",1,10,-25.0,0.1794871794871795,7.743589743589744,27.688836195143665,6.564102564102564,31.512820512820515,dist_bars,25-30,6-8,
,97,0.17525773195876287,0.2716494845360825,21.7319587628866,-7.711340206185567,-8.708333333333334,"-5.52,-8.38,-8.71,-8.33",2,10,-21.833333333333332,0.13402061855670103,6.206185567010309,27.6436043176629,4.381443298969073,70.96494845360826,dist_bars,25-30,4-5,
,204,0.16176470588235295,0.2595588235294118,20.764705882352942,-7.823529411764706,-11.372549019607844,"-6.47,-9.75,-3.71,-11.37",1,10,-14.25,0.12745098039215685,4.568627450980392,45.271152933061785,1.0,76.99803921568628,dist_bars,40-60,1,
,64,0.09375,0.25234375,20.1875,-12.6875,-15.1875,"-5.31,-15.12,-15.19,-15.12",1,10,-20.2,0.078125,6.03125,43.93817434262546,4.453125,81.7828125,dist_bars,40-60,4-5,
,24,0.08333333333333333,0.25364583333333335,20.291666666666668,-13.625,-20.0,"-20.00,-7.00,-20.00,-7.50",1,10,-21.25,0.041666666666666664,7.458333333333333,44.243149198205195,6.583333333333333,50.824999999999996,dist_bars,40-60,6-8,
NO,296,0.3547297297297297,0.3,24.0,4.378378378378378,-0.21621621621621623,"-0.22,6.27,6.27,5.19",7,10,-6.222222222222222,0.2635135135135135,4.695945945945946,22.32127873799513,1.3445945945945945,67.41554054054055,side_entry,,,24.0
YES,340,0.34411764705882353,0.3,24.0,3.5294117647058822,-0.47058823529411764,"5.18,7.06,-0.47,2.35",7,10,-5.818181818181818,0.2852941176470588,4.770588235294118,20.862686886381123,1.3352941176470587,66.09558823529412,side_entry,,,24.0
YES,314,0.31210191082802546,0.275,22.0,2.968152866242038,0.27848101265822783,"0.28,4.67,5.34,1.59",5,10,-6.0,0.23248407643312102,4.869426751592357,22.420962409358868,1.2006369426751593,67.28885350318471,side_entry,,,22.0
NO,296,0.3108108108108108,0.275,22.0,2.864864864864865,0.7027027027027027,"1.78,0.70,2.86,6.11",7,10,-7.0,0.23310810810810811,4.780405405405405,22.748361289804283,1.1824324324324325,67.44155405405405,side_entry,,,22.0
YES,302,0.31456953642384106,0.2875,23.0,2.165562913907285,-0.8947368421052632,"-0.89,5.80,0.16,3.67",8,10,-3.689655172413793,0.24834437086092714,4.599337748344371,22.12866772662922,1.4304635761589404,68.15761589403974,side_entry,,,23.0
YES,360,0.33611111111111114,0.3125,25.0,1.8888888888888888,-2.7777777777777777,"2.56,5.22,-2.78,2.56",5,10,-5.0,0.29444444444444445,4.6,21.00805308597138,1.2166666666666666,65.65777777777778,side_entry,,,25.0
NO,311,0.26688102893890675,0.2625,21.0,0.3504823151125402,-4.589743589743589,"-0.49,2.59,-4.59,3.94",5,10,-9.96551724137931,0.22186495176848875,4.942122186495177,23.835808804557615,1.337620578778135,67.2427652733119,side_entry,,,21.0
NO,294,0.2789115646258503,0.2875,23.0,-0.6870748299319728,-4.36986301369863,"5.11,-4.37,0.78,-4.37",4,10,-13.0,0.22108843537414966,4.840136054421769,22.515033711196175,1.272108843537415,65.37653061224489,side_entry,,,23.0
YES,296,0.24662162162162163,0.2625,21.0,-1.2702702702702702,-4.783783783783784,"-4.78,1.70,-0.46,-1.54",3,10,-6.185185185185185,0.19256756756756757,5.030405405405405,22.579471719206147,1.2060810810810811,67.00202702702703,side_entry,,,21.0
NO,302,0.2947019867549669,0.3125,25.0,-1.423841059602649,-3.6666666666666665,"1.32,-0.47,-2.89,-3.67",4,10,-6.176470588235294,0.24503311258278146,4.387417218543046,21.033807106258358,1.2251655629139073,65.16225165562913,side_entry,,,25.0
NO,1645,0.2297872340425532,0.25,20.0,-1.6170212765957446,-3.4549878345498786,"1.36,-1.70,-2.68,-3.45",1,10,-4.864864864864865,0.18966565349544073,5.490577507598784,28.07874244507319,1.3969604863221885,70.57811550151976,side_entry,,,20.0
YES,1631,0.20846106683016555,0.25,20.0,-3.3231146535867566,-4.705882352941177,"-4.71,-3.53,-3.92,-1.13",1,10,-6.9879518072289155,0.17657878602084612,5.510729613733906,26.749390086829383,1.3727774371551196,70.62795830778663,side_entry,,,20.0
